name,obs_mean,obs_std,obs_min,obs_max,obs_stat_min,obs_stat_max,sim_mean,sim_std,sim_min,sim_max,sim_stat_min,sim_stat_max,distance
WA_BS_0001_20160701,279.292,9.33435,252.394,305.288,288.627,269.958,225.01,0.120922,224.681,225.38,225.131,224.889,27.0139
WA_BS_0001_20160801,279.591,9.19944,249.28,304.229,288.791,270.392,225.007,0.124037,224.666,225.385,225.131,224.883,23.895
WA_BS_0001_20160901,278.425,8.41697,257.497,297.806,286.842,270.008,225.005,0.127083,224.652,225.39,225.132,224.878,32.1067
WA_BS_0001_20161001,279.338,8.4942,258.815,303.647,287.833,270.844,225.001,0.130096,224.637,225.395,225.131,224.871,33.4205
WA_BS_0001_20161101,278.922,8.62426,254.298,305.104,287.546,270.298,224.999,0.133048,224.623,225.399,225.132,224.865,28.8991
WA_BS_0001_20161201,278.459,9.17454,254.994,304.428,287.634,269.285,224.996,0.135965,224.609,225.404,225.132,224.86,29.5904
WA_BS_0001_20170101,278.404,9.354,248.189,308.022,287.758,269.05,224.993,0.138884,224.595,225.408,225.132,224.854,22.7806
WA_BS_0001_20170201,278.903,9.3397,254.058,305.137,288.243,269.563,224.99,0.141625,224.583,225.413,225.132,224.849,28.6458
WA_BS_0001_20170301,279.122,9.32867,249.851,304.091,288.451,269.793,224.988,0.144326,224.57,225.416,225.132,224.843,24.4346
WA_BS_0001_20170401,278.896,9.48906,249.755,302.894,288.385,269.407,224.984,0.14708,224.557,225.42,225.131,224.837,24.3345
WA_BS_0001_20170501,278.409,9.41107,254.102,301.378,287.82,268.998,224.98,0.149789,224.543,225.423,225.13,224.831,28.6789
WA_BS_0001_20170601,279.259,8.54583,254.971,303.347,287.805,270.713,224.976,0.152456,224.529,225.425,225.129,224.824,29.5456
WA_BS_0001_20180701,278.369,9.49921,252.471,307.763,287.868,268.87,224.926,0.183615,224.367,225.446,225.109,224.742,27.0248
WA_BS_0001_20180801,275.041,8.45157,250.342,301.805,283.493,266.589,224.918,0.1858,224.352,225.444,225.104,224.733,24.8984
WA_BS_0001_20180901,277.61,8.89848,244.82,305.384,286.508,268.711,224.916,0.187888,224.342,225.446,225.104,224.728,19.3744
WA_BS_0001_20181001,278.398,8.2259,250.488,296.766,286.624,270.172,224.913,0.189979,224.332,225.447,225.103,224.723,25.0408
WA_BS_0001_20181101,278.347,9.09257,248.822,304.098,287.439,269.254,224.909,0.192048,224.322,225.448,225.101,224.717,23.3748
WA_BS_0001_20181201,279.876,9.18814,255.417,307.131,289.064,270.688,224.905,0.194076,224.31,225.447,225.099,224.711,29.9701
WA_BS_0001_20190101,280.054,8.67748,246.311,303.079,288.732,271.377,224.9,0.196099,224.298,225.447,225.096,224.704,20.8647
WA_BS_0001_20190201,279.05,9.69681,254.424,322.319,288.747,269.353,224.895,0.197995,224.287,225.445,225.093,224.697,28.9787
WA_BS_0001_20190301,279.103,9.52664,250.193,304.72,288.63,269.576,224.889,0.199861,224.275,225.444,225.089,224.689,24.7489
WA_BS_0001_20190401,278.807,8.56923,249.85,303.939,287.376,270.238,224.883,0.201773,224.262,225.441,225.084,224.681,24.4089
WA_BS_0001_20190501,280.701,9.2903,255.644,303.551,289.991,271.411,224.877,0.203643,224.25,225.439,225.08,224.673,30.2051
WA_BS_0001_20190601,279.236,8.57024,253.722,299.499,287.806,270.666,224.87,0.205497,224.238,225.437,225.076,224.665,28.2848
WA_BS_0001_20190701,279.312,9.24151,253.746,302.624,288.554,270.071,224.862,0.207332,224.223,225.432,225.069,224.654,28.3134
WA_BS_0001_20190801,278.074,9.45791,252.674,307.614,287.532,268.616,224.852,0.209158,224.208,225.427,225.061,224.643,27.2472
WA_BS_0001_20190901,278.534,9.15054,251.103,310.685,287.685,269.384,224.843,0.210919,224.194,225.422,225.054,224.632,25.6813
WA_BS_0001_20191001,276.576,9.29278,252.662,301.381,285.869,267.284,224.835,0.212661,224.18,225.417,225.048,224.622,27.2457
WA_BS_0001_20191101,275.711,9.15541,252.827,305.376,284.866,266.556,224.83,0.214371,224.169,225.415,225.044,224.615,27.4123
WA_BS_0001_20191201,275.964,8.82774,248.438,303.584,284.792,267.136,224.826,0.216067,224.16,225.414,225.042,224.61,23.0244
WA_BS_0010_20160701,253.159,9.44508,227.539,277.671,262.604,243.714,204.18,0.172574,203.733,204.721,204.352,204.007,22.8179
WA_BS_0010_20160801,247.883,9.04168,216.197,272.282,256.924,238.841,204.194,0.175833,203.741,204.748,204.37,204.019,11.449
WA_BS_0010_20160901,250.635,9.34043,219.449,275.222,259.976,241.295,204.237,0.179231,203.773,204.802,204.416,204.058,14.6472
WA_BS_0010_20161001,250.265,9.6717,228.034,274.003,259.937,240.593,204.19,0.182725,203.711,204.768,204.373,204.007,23.2659
WA_BS_0010_20161101,249.867,8.97417,217.855,273.702,258.842,240.893,204.214,0.186007,203.728,204.803,204.4,204.028,13.0517
WA_BS_0010_20161201,251.4,9.45088,226.997,276.129,260.85,241.949,204.236,0.189416,203.738,204.836,204.425,204.047,22.1603
WA_BS_0010_20170101,253.734,9.60169,229.45,283.687,263.335,244.132,204.234,0.192913,203.726,204.847,204.427,204.042,24.6034
WA_BS_0010_20170201,254.764,8.98805,227.401,284.017,263.752,245.776,204.229,0.196215,203.71,204.852,204.425,204.033,22.5485
WA_BS_0010_20170301,255.25,8.45226,225.795,276.401,263.702,246.798,204.222,0.199468,203.692,204.856,204.422,204.023,20.9383
WA_BS_0010_20170401,254.253,8.33725,228.845,280.26,262.59,245.916,204.214,0.202765,203.674,204.86,204.417,204.011,23.9851
WA_BS_0010_20170501,252.546,8.5092,224.508,281.073,261.055,244.037,204.127,0.206068,203.572,204.786,204.333,203.921,19.7223
WA_BS_0010_20170601,249.115,9.39801,225.525,277.95,258.513,239.717,204.082,0.209188,203.517,204.752,204.291,203.873,20.7727
WA_BS_0010_20170701,244.709,7.75044,223.124,265.042,252.459,236.959,204.052,0.21236,203.475,204.733,204.264,203.84,18.3908
WA_BS_0010_20170801,245.007,9.52798,215.636,270.411,254.535,235.479,204.067,0.215557,203.482,204.758,204.282,203.851,10.8776
WA_BS_0010_20170901,245.067,8.48283,218.204,266.532,253.55,236.584,204.119,0.21874,203.526,204.819,204.337,203.9,13.3855
WA_BS_0010_20171001,245.848,8.77858,224.669,273.113,254.626,237.069,204.125,0.221912,203.522,204.836,204.347,203.904,19.8334
WA_BS_0010_20171101,245.935,9.44617,209.193,272.169,255.381,236.489,204.107,0.22497,203.494,204.827,204.332,203.882,4.36573
WA_BS_0010_20171201,245.699,8.7062,219.255,276.37,254.405,236.993,204.112,0.227926,203.491,204.841,204.34,203.884,14.4134
WA_BS_0010_20180101,246.698,9.25111,221.329,273.522,255.949,237.447,204.111,0.230916,203.48,204.85,204.342,203.88,16.4786
WA_BS_0019_20171201,161.31,8.75465,138.841,187.104,170.064,152.555,191.147,0.0969283,190.829,191.391,191.244,191.05,3.72505
WA_BS_0019_20180101,159.942,9.71643,134.468,186.622,169.658,150.226,191.049,0.0991634,190.729,191.302,191.148,190.95,4.10701
WA_BS_0019_20180201,157.906,9.11322,132.225,179.562,167.019,148.793,190.886,0.104789,190.563,191.166,190.99,190.781,11.0005
WA_BS_0019_20180301,157.102,8.76062,129.02,183.115,165.862,148.341,190.639,0.111343,190.314,190.95,190.751,190.528,7.19987
WA_BS_0019_20180601,155.694,9.10211,128.88,180.699,164.796,146.592,190.141,0.117821,189.786,190.467,190.258,190.023,9.08679
WA_BS_0019_20180701,152.483,8.86426,130.542,179.151,161.347,143.619,189.944,0.120067,189.572,190.277,190.064,189.824,10.4217
WA_BS_0019_20180801,151.4,9.17784,113.502,180.97,160.578,142.223,189.758,0.121388,189.376,190.091,189.879,189.636,8.40557
WA_BS_0019_20180901,157.265,9.37886,131.881,185.79,166.644,147.887,189.659,0.117924,189.286,189.969,189.776,189.541,3.49551
WA_BS_0019_20191101,162.316,8.70073,135.705,183.121,171.017,153.615,190.554,0.126127,190.176,190.94,190.681,190.428,7.05468
WA_BS_0019_20191201,158.626,8.93009,135.001,185.125,167.556,149.696,190.257,0.129493,189.858,190.649,190.387,190.128,4.73247
WA_BS_0003_20180901,264.977,9.16377,234.85,290.249,274.141,255.813,225.677,0.233405,225,226.312,225.91,225.444,8.53764
WA_BS_0003_20181001,269.541,8.98799,246.526,292.439,278.529,260.553,225.675,0.234992,224.992,226.314,225.91,225.44,20.2119
WA_BS_0003_20181101,272.505,9.00963,249.696,298.074,281.514,263.495,225.672,0.236597,224.982,226.314,225.908,225.435,23.3818
WA_BS_0003_20181201,274.453,9.02726,248.295,300.551,283.481,265.426,225.666,0.238164,224.971,226.312,225.905,225.428,21.9825
WA_BS_0003_20190101,276.663,8.96952,255.401,302.189,285.632,267.693,225.661,0.239726,224.959,226.31,225.901,225.421,29.0903
WA_BS_0003_20190201,276.424,9.17853,252.746,310.626,285.603,267.246,225.656,0.241195,224.948,226.308,225.897,225.414,26.4381
WA_BS_0003_20190401,275.43,8.66435,251.136,297.734,284.095,266.766,225.642,0.244164,224.924,226.301,225.886,225.398,24.835
WA_BS_0003_20190501,275.825,9.12256,249.475,309.947,284.948,266.703,225.635,0.245625,224.911,226.297,225.881,225.389,23.1782
WA_BS_0003_20190601,275.9,9.20357,251.096,302.877,285.104,266.697,225.628,0.247089,224.899,226.294,225.875,225.381,24.8029
WA_BS_0003_20190701,273.616,9.3535,245.491,305.161,282.969,264.262,225.618,0.24858,224.884,226.286,225.867,225.369,19.2046
WA_BS_0003_20190801,272.973,9.73747,244.812,301.403,282.711,263.236,225.606,0.250058,224.867,226.278,225.856,225.356,18.5343
WA_BS_0003_20190901,271.917,8.56848,244.538,296.237,280.485,263.348,225.596,0.251463,224.851,226.27,225.847,225.344,18.2678
WA_BS_0003_20191001,267.511,9.21087,244.904,297.955,276.722,258.3,225.586,0.252864,224.837,226.264,225.839,225.333,18.6404
WA_BS_0003_20191101,266.802,8.84439,241.693,299.578,275.646,257.957,225.581,0.254201,224.827,226.261,225.836,225.327,15.432
WA_BS_0003_20191201,265.523,9.79878,238.336,290.08,275.322,255.724,225.579,0.255517,224.821,226.262,225.835,225.324,12.0746
WA_BS_0032_20191001,196.78,8.86606,174.028,223.793,205.646,187.914,231.546,0.201763,230.948,232.059,231.748,231.344,7.15427
WA_BS_0032_20191101,196.57,9.25093,173.51,223.266,205.821,187.319,231.52,0.202939,230.919,232.037,231.723,231.317,7.65252
WA_BS_0032_20191201,197.365,9.34155,174.199,222.653,206.706,188.023,231.491,0.204122,230.888,232.014,231.695,231.287,8.23514
WA_BS_0006_20160701,163.612,9.18818,135.186,186.697,172.8,154.424,242.541,0.26852,241.678,243.156,242.81,242.272,54.9808
WA_BS_0006_20160801,161.092,8.63718,135.898,185.288,169.729,152.454,242.483,0.260877,241.641,243.089,242.744,242.222,56.3533
WA_BS_0006_20160901,159.999,9.46246,132.255,186.616,169.462,150.537,242.465,0.259963,241.625,243.072,242.725,242.205,55.0094
WA_BS_0006_20161001,159.971,9.14204,132.369,184.004,169.113,150.829,242.443,0.258231,241.608,243.048,242.701,242.184,57.6042
WA_BS_0006_20161101,158.582,9.07364,129.228,186.202,167.655,149.508,242.391,0.252858,241.572,242.989,242.644,242.138,55.3698
WA_BS_0006_20161201,160.038,8.79066,132.393,189.546,168.829,151.248,242.348,0.249444,241.54,242.943,242.597,242.098,51.9941
WA_BS_0006_20170101,159.343,9.25897,123.702,184.851,168.602,150.084,242.315,0.247719,241.513,242.908,242.563,242.068,56.6621
WA_BS_0006_20170201,160.052,9.44358,134.453,189.577,169.495,150.608,242.292,0.247148,241.492,242.885,242.539,242.045,51.9154
WA_BS_0006_20170301,162.14,8.89847,133.709,187.18,171.038,153.241,242.274,0.247239,241.475,242.868,242.522,242.027,54.2948
WA_BS_0006_20170401,161.746,8.88462,135.745,191.313,170.63,152.861,242.249,0.246278,241.454,242.842,242.495,242.003,50.141
WA_BS_0006_20170501,160.931,8.29082,142.711,186.526,169.222,152.64,242.21,0.243851,241.424,242.802,242.454,241.966,54.8971
WA_BS_0006_20170601,161.674,8.71473,130.059,183.936,170.389,152.96,242.154,0.239618,241.382,242.743,242.393,241.914,57.4464
WA_BS_0006_20170701,159.825,9.61041,132.511,189.468,169.435,150.214,242.101,0.236402,241.341,242.687,242.337,241.865,51.8723
WA_BS_0006_20170801,156.921,9.64299,129.423,193.266,166.564,147.278,242.04,0.232567,241.294,242.621,242.272,241.807,48.0277
WA_BS_0006_20170901,155.464,9.02787,131.803,187.768,164.492,146.436,241.995,0.230777,241.256,242.576,242.225,241.764,53.4883
WA_BS_0006_20171001,154.999,8.76763,130.317,181.677,163.767,146.232,241.961,0.23047,241.225,242.544,242.192,241.731,59.5484
WA_BS_0006_20171101,154.09,8.80881,131.595,176.402,162.899,145.281,241.93,0.230332,241.195,242.517,242.161,241.7,64.7933
WA_BS_0006_20171201,153.521,9.74223,125.493,186.383,163.263,143.778,241.888,0.22899,241.159,242.476,242.117,241.659,54.7763
WA_BS_0006_20180101,153.423,9.306,126.908,186.939,162.729,144.117,241.844,0.22757,241.122,242.437,242.072,241.616,54.1823
WA_BS_0006_20180201,155.245,9.34576,130.668,179.787,164.591,145.899,241.801,0.226443,241.085,242.396,242.028,241.575,61.2981
WA_BS_0006_20180301,154.199,9.42978,127.188,184.999,163.629,144.769,241.753,0.224768,241.044,242.35,241.978,241.528,56.0443
WA_BS_0006_20180401,155.634,8.82255,132.289,184.281,164.456,146.811,241.706,0.223561,241.003,242.307,241.93,241.483,56.7222
WA_BS_0006_20180501,155.612,9.22489,127.708,181.321,164.837,146.387,241.664,0.222919,240.966,242.269,241.887,241.441,59.6451
WA_BS_0006_20180601,154.082,8.94224,131.811,179.559,163.024,145.14,241.624,0.222491,240.93,242.234,241.846,241.401,61.3709
WA_BS_0006_20180701,151.885,9.19129,127.007,182.049,161.076,142.693,241.58,0.22174,240.891,242.193,241.802,241.358,58.8414
WA_BS_0006_20180801,149.254,9.62502,124.009,174.718,158.879,139.629,241.537,0.221151,240.852,242.156,241.758,241.316,66.1339
WA_BS_0006_20180901,148.979,9.38554,125.29,186.387,158.364,139.593,241.499,0.220695,240.817,242.125,241.719,241.278,54.4299
WA_BS_0006_20181001,149.057,9.27332,118.148,175.473,158.331,139.784,241.508,0.222607,240.821,242.17,241.731,241.285,65.3482
WA_BS_0006_20181101,149.517,9.83856,110.289,176.236,159.356,139.678,241.548,0.226719,240.854,242.253,241.775,241.321,64.6182
WA_BS_0006_20181201,149.977,8.63697,122.469,176.82,158.614,141.34,241.566,0.229816,240.874,242.297,241.796,241.336,64.0539
WA_BS_0006_20190101,153.221,8.73987,128.511,178.548,161.96,144.481,241.584,0.234033,240.895,242.345,241.819,241.35,62.347
WA_BS_0006_20190201,154.511,9.54271,124.215,182.332,164.053,144.968,241.603,0.239058,240.915,242.385,241.842,241.364,58.5829
WA_BS_0006_20190301,156.553,8.70655,130.895,175.975,165.26,147.847,241.587,0.240327,240.908,242.371,241.827,241.347,64.9338
WA_BS_0006_20190401,156.031,8.97315,132.169,177.611,165.004,147.058,241.552,0.239729,240.883,242.332,241.791,241.312,63.2725
WA_BS_0006_20190501,156.985,9.09543,129.345,183.836,166.08,147.889,241.539,0.241797,240.872,242.329,241.78,241.297,57.036
WA_BS_0006_20190601,157.857,8.94639,135.586,182.223,166.803,148.91,241.567,0.249008,240.89,242.378,241.816,241.318,58.6674
WA_BS_0006_20190701,157.575,8.93458,130.962,181.322,166.51,148.641,241.581,0.25488,240.852,242.402,241.836,241.326,59.5297
WA_BS_0006_20190801,155.825,8.90111,132.929,181.498,164.726,146.924,241.556,0.256095,240.815,242.374,241.813,241.3,59.3172
WA_BS_0006_20190901,152.697,9.26368,128.03,180.183,161.961,143.434,241.501,0.253271,240.779,242.306,241.755,241.248,60.5964
WA_BS_0006_20191001,150.1,9.38498,122.887,178.104,159.485,140.715,241.44,0.249785,240.744,242.235,241.69,241.19,62.64
WA_BS_0006_20191101,150.27,8.56889,121.743,173.955,158.839,141.701,241.385,0.247295,240.71,242.175,241.633,241.138,66.7541
WA_BS_0006_20191201,149.501,9.26809,117.961,179.076,158.769,140.233,241.336,0.245379,240.676,242.121,241.581,241.09,61.5991
WP_CC_7141_20170816,380.836,9.23488,353.655,402.094,390.071,371.601,407.729,0.214568,407.211,408.256,407.943,407.514,5.11796
WP_CC_7141_20170914,377.709,8.4394,354.805,402.509,386.149,369.27,407.724,0.219113,407.197,408.258,407.943,407.505,4.68789
WP_CC_7141_20180410,381.776,8.35233,352.402,404.637,390.128,373.423,407.593,0.249252,407.015,408.166,407.842,407.344,2.37811
WP_CC_7141_20180425,382.595,8.94615,353.131,402.669,391.542,373.649,407.571,0.251386,406.987,408.148,407.822,407.319,4.31851
WP_CC_7141_20180530,380.084,9.14456,357.612,406.517,389.229,370.94,407.539,0.256132,406.946,408.124,407.795,407.283,0.429047
WP_CC_7141_20180731,378.532,8.9856,351.488,404.593,387.518,369.546,407.466,0.264369,406.857,408.065,407.731,407.202,2.26405
WP_CC_7656_20161215,399.172,8.90841,372.368,422.081,408.08,390.264,424.073,0.154577,423.618,424.472,424.228,423.919,1.53711
WP_CC_7656_20161229,400.357,8.1222,373.021,420.501,408.48,392.235,424.059,0.156835,423.597,424.462,424.215,423.902,3.0964
WP_CC_7656_20170130,400.378,9.16977,375.614,423.118,409.548,391.208,424.025,0.161899,423.55,424.44,424.186,423.863,0.431395
WP_CC_7656_20170428,394.52,8.87928,370.283,418.891,403.399,385.64,423.927,0.175142,423.42,424.372,424.102,423.752,4.52939
WP_CC_7656_20170515,391.21,9.31714,355.338,415.863,400.527,381.892,423.908,0.177593,423.395,424.358,424.085,423.73,7.53239
WP_CC_7656_20170530,393.529,9.29437,367.233,422.676,402.824,384.235,423.89,0.179724,423.373,424.346,424.07,423.71,0.696852
WP_CC_7656_20170615,392.159,9.47724,369.801,417.69,401.636,382.681,423.871,0.181963,423.349,424.332,424.053,423.689,5.6596
WP_CC_7656_20170727,390.707,9.0359,365.833,421.029,399.743,381.671,423.821,0.187699,423.287,424.294,424.009,423.633,2.25845
WP_CC_7656_20170816,387.918,10.3357,360.97,413.101,398.254,377.582,423.797,0.190346,423.257,424.276,423.987,423.607,10.1567
WP_CC_7656_20170830,387.533,9.13046,360.851,411.4,396.664,378.403,423.78,0.192164,423.236,424.263,423.972,423.588,11.8367
WP_CC_7656_20170914,387.57,9.51286,363.278,414.791,397.083,378.057,423.762,0.194083,423.214,424.249,423.956,423.568,8.42358
WP_CC_7656_20170928,387.693,8.88067,360.666,412.918,396.574,378.813,423.745,0.195848,423.193,424.236,423.94,423.549,10.2755
WP_CC_7656_20171016,388.599,9.65365,361.054,417.828,398.253,378.946,423.723,0.198068,423.167,424.22,423.921,423.525,5.33949
WP_CC_7656_20171030,386.212,9.39201,362.166,419.842,395.604,376.82,423.706,0.199772,423.147,424.206,423.906,423.506,3.30419
WP_CC_7656_20171115,389.429,9.4648,362.577,413.569,398.894,379.964,423.687,0.201691,423.123,424.191,423.888,423.485,9.55386
WP_CC_7656_20171129,389.307,8.88645,366.698,414.824,398.194,380.421,423.67,0.20334,423.102,424.178,423.873,423.466,8.2783
WP_CC_7656_20171213,389.402,8.75175,361.715,411.593,398.154,380.65,423.653,0.204954,423.082,424.165,423.858,423.448,11.4892
WP_CC_7656_20171227,390.241,9.21513,359.738,412.847,399.456,381.025,423.636,0.206535,423.061,424.151,423.842,423.429,10.2142
WP_CC_7656_20180118,391.291,8.4411,371.367,412.121,399.732,382.85,423.609,0.208959,423.029,424.13,423.817,423.4,10.9073
WP_CC_7656_20180131,391.176,8.56628,369.759,416.042,399.742,382.609,423.592,0.210355,423.009,424.117,423.803,423.382,6.96678
WP_CC_7656_20180214,391.423,9.33683,363.225,416.509,400.76,382.086,423.575,0.211824,422.988,424.103,423.787,423.363,6.47882
WP_CC_7656_20180228,390.696,9.25544,363.414,414.954,399.952,381.441,423.557,0.213255,422.967,424.089,423.771,423.344,8.01218
WP_CC_7656_20180314,389.078,9.37838,360.776,418.166,398.456,379.699,423.54,0.214651,422.945,424.074,423.754,423.325,4.77909
WP_CC_7656_20180410,389.45,9.02123,359.56,412.56,398.471,380.429,423.505,0.217251,422.904,424.046,423.722,423.288,10.3439
WP_CC_7656_20180425,389.039,9.13093,367.369,418.953,398.17,379.908,423.486,0.218651,422.881,424.03,423.705,423.267,3.92801
WP_CC_7656_20180516,388.626,9.12515,360.155,413.704,397.751,379.501,423.459,0.220565,422.849,424.008,423.68,423.239,9.14485
WP_CC_7656_20180530,385.849,9.83117,362.126,421.888,395.68,376.018,423.441,0.221819,422.827,423.993,423.663,423.22,0.939144
WP_CC_7656_20180613,385.233,9.67061,360.024,414.935,394.904,375.562,423.424,0.223063,422.806,423.978,423.647,423.201,7.87082
WP_CC_7656_20180627,385.366,9.12919,359.859,413.646,394.495,376.237,423.406,0.224292,422.784,423.963,423.63,423.181,9.13813
WP_CC_7656_20180718,385.066,9.11224,342.651,408.396,394.178,375.954,423.379,0.226114,422.752,423.941,423.605,423.153,14.3564
WP_CC_7656_20180731,382.947,8.90019,357.695,408.425,391.848,374.047,423.362,0.227232,422.732,423.927,423.59,423.135,14.3078
WP_CC_7656_20180815,383.596,8.95275,354.147,407.626,392.549,374.644,423.343,0.228514,422.709,423.91,423.572,423.115,15.0837
WP_CC_7656_20180829,383.496,8.66309,357.114,415.755,392.159,374.832,423.325,0.229706,422.688,423.895,423.555,423.096,6.93324
WP_CC_7656_20180912,382.329,9.01507,356.384,405.945,391.344,373.314,423.308,0.230888,422.667,423.88,423.539,423.077,16.7221
WP_CC_7656_20180926,386.495,9.35205,363.283,415.493,395.847,377.143,423.291,0.232069,422.646,423.866,423.523,423.059,7.15395
WP_CC_7656_20181016,384.902,9.17705,360.521,409.923,394.079,375.725,423.268,0.233782,422.615,423.847,423.502,423.034,12.6924
WP_CC_7656_20181030,385.932,8.51384,364.091,411.866,394.445,377.418,423.253,0.235009,422.594,423.834,423.488,423.018,10.7278
WP_CC_7656_20181115,388.424,9.62075,364.666,416.348,398.044,378.803,423.235,0.236445,422.57,423.819,423.472,422.999,6.22275
WP_CC_7656_20181129,389.78,8.99235,366.876,414.289,398.772,380.788,423.22,0.237724,422.55,423.807,423.458,422.983,8.26065
WP_CC_7656_20181212,390.589,9.04224,364.967,419.406,399.632,381.547,423.206,0.23892,422.531,423.795,423.445,422.968,3.12533
WP_CC_7656_20181227,392.105,8.79225,365.659,414.102,400.897,383.313,423.191,0.240304,422.509,423.782,423.431,422.95,8.40715
WP_CC_7656_20190130,394.106,9.26137,368.225,418.714,403.368,384.845,423.156,0.24343,422.461,423.753,423.399,422.912,3.74638
WP_CC_7656_20190312,395.234,9.21795,367.68,419.808,404.452,386.016,423.113,0.247174,422.402,423.717,423.36,422.866,2.59329
WP_CC_7656_20190411,395.229,9.20014,369.809,417.559,404.429,386.029,423.081,0.24987,422.358,423.69,423.331,422.831,4.7983
WP_CC_7656_20190515,396.142,9.54888,369.688,419.794,405.691,386.593,423.045,0.252894,422.308,423.658,423.298,422.792,2.51389
WP_CC_7656_20190529,397.605,9.57718,366.961,421.645,407.182,388.028,423.03,0.254139,422.288,423.646,423.284,422.776,0.643486
WP_CC_7656_20190627,394.928,8.78304,368.971,421.008,403.711,386.145,423,0.256718,422.247,423.62,423.257,422.743,1.23896
WP_CC_7656_20190717,394.17,9.24441,361.848,419.001,403.414,384.925,422.98,0.258504,422.22,423.602,423.238,422.721,3.21812
WP_CC_7656_20190731,392.319,9.1123,364.455,416.912,401.431,383.207,422.965,0.259753,422.2,423.59,423.225,422.706,5.28855
WP_CC_7656_20190815,393.132,9.18377,370.981,419.98,402.315,383.948,422.95,0.261096,422.179,423.577,423.211,422.689,2.19901
WP_CC_7656_20190829,392.437,9.26638,365.721,417.975,401.704,383.171,422.935,0.262353,422.16,423.564,423.198,422.673,4.18533
WP_CC_7656_20190912,389.871,8.53805,364.081,412.457,398.409,381.333,422.921,0.263611,422.14,423.551,423.184,422.657,9.68349
WP_CC_7656_20190925,389.297,8.74562,366.926,415.339,398.043,380.551,422.907,0.264783,422.122,423.539,423.172,422.642,6.78296
WP_CC_7656_20191016,389.698,8.92268,368.527,415.416,398.621,380.775,422.884,0.266676,422.092,423.519,423.151,422.618,6.67581
WP_CC_7656_20191031,390.645,9.29242,362.022,414.56,399.938,381.353,422.868,0.268029,422.07,423.504,423.136,422.6,7.50996
WP_CC_7656_20191114,391.611,9.57226,367.235,415.284,401.183,382.039,422.852,0.269291,422.05,423.49,423.122,422.583,6.76633
WP_CC_7656_20191212,391.951,9.2934,368.186,416.766,401.244,382.657,422.821,0.271805,422.009,423.462,423.093,422.549,5.24324
WP_CC_7656_20191230,391.686,9.89545,366.694,416.428,401.581,381.79,422.8,0.273412,421.983,423.443,423.074,422.527,5.55515
WP_HT_1062_20160914,252.45,9.50287,227.388,278.437,261.953,242.947,224.163,0.252439,223.494,224.778,224.416,223.911,2.60989
WP_HT_1062_20161011,251.4,8.64954,229.731,279.517,260.049,242.75,224.169,0.254981,223.493,224.789,224.424,223.914,4.94182
WP_HT_1062_20170214,250.095,9.20832,225.11,278.925,259.303,240.887,224.186,0.265686,223.488,224.832,224.452,223.92,0.277676
WP_HT_1062_20170613,249.175,9.07777,225.491,285.603,258.252,240.097,224.296,0.278337,223.575,224.986,224.575,224.018,0.504753
WP_HT_1062_20181213,248.067,8.82614,225.655,271.151,256.893,239.241,224.33,0.311984,223.563,225.152,224.642,224.018,0.502868
WP_HT_1062_20190110,249.688,8.66683,229.422,273.796,258.355,241.021,224.31,0.312832,223.543,225.137,224.623,223.998,4.28491
WP_HT_1062_20190314,252.208,8.74487,228.139,280.614,260.953,243.463,224.342,0.316808,223.57,225.186,224.659,224.025,2.953
WP_HT_1062_20190411,252.185,8.95187,226.103,276.681,261.137,243.233,224.348,0.318502,223.574,225.2,224.667,224.03,0.903359
WP_HT_1062_20190509,254.46,9.04968,231.07,278.291,263.509,245.41,224.36,0.320177,223.583,225.219,224.68,224.039,5.85133
WP_HT_1062_20190613,256.237,9.2964,231.892,280.691,265.534,246.941,224.317,0.320536,223.542,225.179,224.638,223.997,6.71255
WP_HT_1062_20190711,252.64,8.4853,225.513,275.782,261.125,244.154,224.338,0.32257,223.56,225.208,224.66,224.015,0.305094
WA_HT_1191_20160701,273.084,9.13697,249.122,296.041,282.221,263.947,241.582,0.385767,240.524,242.59,241.968,241.197,6.53245
WA_HT_1191_20161101,269.688,8.86165,242.836,297.099,278.55,260.826,241.563,0.397561,240.471,242.604,241.961,241.165,0.232351
WA_HT_1191_20170101,268.587,8.56406,245.814,292.849,277.151,260.023,241.557,0.402487,240.452,242.616,241.959,241.154,3.19749
WA_HT_1191_20170201,269.908,9.02771,247.224,295.661,278.936,260.88,241.554,0.404643,240.444,242.622,241.959,241.15,4.60261
WA_HT_1191_20170301,272.396,8.7252,248.543,295.053,281.121,263.671,241.552,0.406683,240.436,242.627,241.959,241.145,5.91586
WA_HT_1191_20170401,273.369,9.4626,249.629,300.189,282.832,263.906,241.549,0.408658,240.428,242.632,241.958,241.141,6.99662
WA_HT_1191_20170501,271.951,8.90207,249.012,294.498,280.853,263.049,241.546,0.410492,240.42,242.636,241.956,241.135,6.37631
WA_HT_1191_20190201,267.972,9.01151,244.791,294.585,276.983,258.96,241.424,0.4342,240.243,242.608,241.858,240.989,2.1839
WA_HT_1191_20190501,268.786,9.48143,243.391,293.287,278.267,259.305,241.398,0.436238,240.209,242.589,241.834,240.962,0.802105
WA_HT_1191_20190601,269.1,9.81729,243.269,293.054,278.917,259.283,241.389,0.436896,240.197,242.582,241.826,240.952,0.686852
WP_HT_1283_20160712,268.673,8.74698,247.918,293.47,277.42,259.926,230.067,0.107,229.795,230.421,230.174,229.96,17.4968
WP_HT_1283_20160915,268.961,9.24121,243.962,299.243,278.202,259.719,230.103,0.110045,229.818,230.466,230.213,229.993,13.496
WP_HT_1283_20161013,270.034,9.1887,248.328,297.873,279.223,260.846,230.117,0.111297,229.827,230.484,230.229,230.006,17.8441
WP_HT_1283_20161114,270.33,9.39113,245.259,297.513,279.721,260.939,230.133,0.112722,229.837,230.504,230.246,230.021,14.755
WP_HT_1283_20161212,268.794,8.87913,245.875,293.755,277.673,259.915,230.146,0.113974,229.844,230.52,230.26,230.032,15.3553
WP_HT_1283_20170109,269.529,9.66461,241.082,298.146,279.194,259.864,230.158,0.1152,229.851,230.535,230.273,230.043,10.5465
WP_HT_1283_20170213,270.791,9.86801,243.747,293.751,280.659,260.923,230.172,0.116721,229.859,230.553,230.289,230.055,13.1945
WP_HT_1283_20170317,270.277,9.09973,246.346,297.351,279.376,261.177,230.184,0.118083,229.865,230.568,230.302,230.066,15.7778
WP_HT_1283_20170413,271.958,8.89224,248.754,301.071,280.85,263.066,230.193,0.119209,229.869,230.58,230.312,230.074,18.1744
WP_HT_1283_20170515,271.898,9.1599,247.117,295.29,281.058,262.738,230.203,0.120549,229.874,230.595,230.324,230.083,16.5218
WP_HT_1283_20170615,271.488,8.95819,245.425,293.904,280.446,262.53,230.211,0.121904,229.876,230.611,230.333,230.089,14.814
WP_HT_1283_20170726,269.168,9.05556,244.238,293.756,278.224,260.113,230.218,0.123723,229.876,230.628,230.342,230.095,13.61
WP_HT_1283_20170808,268.566,9.26019,239.444,296.082,277.826,259.305,230.22,0.124299,229.876,230.633,230.344,230.096,8.81155
WP_HT_1283_20170915,269.537,8.98026,248.842,295.11,278.518,260.557,230.223,0.125948,229.872,230.645,230.349,230.097,18.1977
WP_HT_1283_20171013,270.522,9.29917,245.055,293.19,279.821,261.223,230.223,0.127108,229.869,230.652,230.351,230.096,14.4032
WP_HT_1283_20171110,271.34,9.22127,244.814,299.925,280.561,262.118,230.223,0.128229,229.864,230.658,230.352,230.095,14.1554
WP_HT_1283_20171215,270.428,8.73019,248.51,298.898,279.159,261.698,230.221,0.129654,229.857,230.664,230.351,230.092,17.8463
WP_HT_1283_20180216,269.417,8.88444,239.892,294.436,278.302,260.533,230.213,0.132189,229.84,230.67,230.345,230.081,9.22206
WP_HT_1283_20180319,272.345,9.30265,242.197,298.555,281.648,263.043,230.207,0.133428,229.83,230.67,230.341,230.074,11.5272
WP_HT_1283_20180416,271.616,8.93004,245.604,296.158,280.546,262.686,230.2,0.134544,229.82,230.669,230.335,230.066,14.9345
WP_HT_1283_20180510,270.831,9.04952,244.466,294.481,279.881,261.782,230.194,0.135493,229.81,230.668,230.329,230.058,13.7982
WP_HT_1283_20180614,269.275,8.80443,243.306,296.294,278.079,260.47,230.183,0.136873,229.795,230.664,230.32,230.046,12.6419
WP_HT_1283_20180711,269.674,9.32909,242.899,294.025,279.003,260.345,230.174,0.13793,229.782,230.66,230.312,230.036,12.2389
WP_HT_1283_20180809,266.009,9.42768,234.657,292.604,275.437,256.582,230.163,0.139062,229.768,230.655,230.302,230.024,4.00282
WP_HT_1283_20180914,264.965,9.59577,239.045,296.007,274.56,255.369,230.148,0.140475,229.749,230.647,230.288,230.007,8.39862
WP_HT_1283_20181012,268.549,8.92548,242.039,289.078,277.475,259.624,230.137,0.141468,229.735,230.641,230.279,229.996,11.3983
WP_HT_1283_20181112,271.012,9.39321,240.383,295.237,280.405,261.618,230.127,0.142489,229.723,230.636,230.27,229.985,9.74695
WP_HT_1283_20181214,271.427,9.355,236.238,302.856,280.782,262.072,230.119,0.143546,229.711,230.633,230.262,229.975,5.60534
WP_HT_1283_20190111,271.418,9.18897,241.292,296.816,280.607,262.229,230.112,0.144496,229.702,230.63,230.256,229.967,10.6614
WP_HT_1283_20190215,275.385,8.55077,253.571,299.27,283.936,266.834,230.106,0.145689,229.692,230.629,230.251,229.96,22.9416
WP_HT_1283_20190320,273.567,9.40375,242.159,308.21,282.971,264.164,230.1,0.14688,229.683,230.629,230.247,229.954,11.5303
WP_HT_1283_20190412,273.79,9.71014,251.885,306.519,283.5,264.08,230.097,0.147763,229.676,230.629,230.244,229.949,21.2569
WP_HT_1283_20190510,274.993,9.06057,250.312,299.434,284.053,265.932,230.092,0.148862,229.668,230.628,230.241,229.943,19.6846
WP_HT_1283_20190614,274.347,9.06154,245.574,296.5,283.409,265.286,230.088,0.150163,229.66,230.629,230.238,229.937,14.9454
WP_HT_1283_20190712,274.87,9.42047,247.817,298.682,284.291,265.45,230.085,0.151216,229.654,230.63,230.236,229.934,17.1874
WP_HT_1283_20190913,273.276,9.0871,251.731,299.486,282.363,264.189,230.076,0.153742,229.638,230.63,230.23,229.923,21.1009
WP_HT_1283_20191018,272.171,9.60208,240.469,299.288,281.773,262.568,230.07,0.155199,229.626,230.628,230.225,229.914,9.84113
WP_HT_1283_20191115,271.857,8.92666,245.515,300.194,280.784,262.93,230.063,0.156357,229.616,230.626,230.219,229.907,14.8894
WP_HT_1283_20191213,271.5,8.9754,250.449,294.906,280.476,262.525,230.055,0.157505,229.606,230.622,230.213,229.898,19.8273
WP_HT_1289_20180712,287.815,8.96647,261.686,310.602,296.782,278.849,311.747,0.19667,311.178,312.279,311.943,311.55,0.576398
WP_HT_1289_20180810,285.674,8.43601,258.957,305.403,294.11,277.238,311.73,0.198353,311.157,312.267,311.928,311.532,5.75466
WP_HT_1292_20160815,224.713,9.37922,196.738,246.084,234.092,215.334,247.763,0.130334,247.406,248.167,247.893,247.632,1.32215
WP_HT_1292_20161011,224.777,8.5883,202.998,245.225,233.366,216.189,247.729,0.134193,247.366,248.148,247.863,247.594,2.14136
WP_HT_1292_20161115,224.268,8.68989,204.302,244.214,232.958,215.578,247.708,0.136575,247.342,248.136,247.845,247.572,3.1281
WP_HT_1292_20161213,224.314,9.07134,201.318,245.523,233.385,215.242,247.691,0.138522,247.322,248.126,247.83,247.553,1.79933
WP_HT_1292_20170316,225.576,8.78162,204.379,246.196,234.358,216.795,247.637,0.145021,247.258,248.095,247.782,247.492,1.0622
WP_HT_1292_20171012,225.292,8.62382,201.655,246.713,233.915,216.668,247.512,0.160185,247.114,248.022,247.672,247.351,0.400594
WP_HT_1292_20180810,222.343,9.20708,195.362,244.773,231.55,213.136,247.325,0.182801,246.877,247.909,247.508,247.142,2.10472
WP_HT_1292_20181011,224.132,8.37144,202.361,242.735,232.504,215.761,247.286,0.187465,246.825,247.885,247.473,247.098,4.09045
WP_HT_1292_20181109,224.126,8.69547,198.241,246.658,232.821,215.43,247.268,0.18955,246.802,247.876,247.458,247.079,0.14482
WP_HT_1292_20190912,223.792,9.37504,199.938,246.13,233.167,214.417,247.084,0.210597,246.566,247.769,247.295,246.874,0.435058
WP_HT_1293_20170214,295.342,8.40917,272.617,314.08,303.751,286.933,271.356,0.449214,270.089,272.438,271.805,270.907,0.178467
WP_HT_1293_20170316,296.856,8.49688,275.715,322.189,305.353,288.359,271.313,0.450589,270.046,272.405,271.764,270.863,3.31005
WP_HT_1293_20170516,295.258,8.28068,274.32,318.733,303.539,286.977,271.229,0.452674,269.964,272.339,271.682,270.776,1.98074
WP_HT_1293_20190314,292.403,9.07147,271.719,315.208,301.475,283.332,269.694,0.476181,268.558,271,270.171,269.218,0.718796
WP_HT_1293_20190613,295.397,8.85542,272.486,318.932,304.252,286.541,269.479,0.47786,268.338,270.806,269.957,269.001,1.68026
WP_HT_1297_20160711,313.029,9.21776,287.144,337.899,322.247,303.811,281.366,0.236642,280.677,281.912,281.602,281.129,5.23185
WP_HT_1297_20160912,314.122,9.16127,286.94,341.594,323.283,304.961,281.351,0.242641,280.646,281.917,281.594,281.108,5.02278
WP_HT_1297_20161012,314.476,8.43445,293.275,339.706,322.91,306.041,281.343,0.245406,280.631,281.919,281.588,281.097,11.3559
WP_HT_1297_20161114,313.621,9.25489,282.851,338.888,322.876,304.366,281.333,0.248175,280.615,281.92,281.581,281.085,0.930518
WP_HT_1297_20161212,314.098,8.72699,291.012,336.248,322.825,305.371,281.323,0.250484,280.598,281.919,281.573,281.072,9.09307
WA_HT_1300_20190101,284.142,8.60542,265.445,312.451,292.747,275.537,262.42,1.23791,259.239,264.756,263.658,261.182,0.689149
WP_HT_1304_20160712,248.6,8.90772,222.47,276.982,257.507,239.692,219.719,0.14352,219.334,220.081,219.863,219.576,2.38868
WP_HT_1304_20161013,248.668,8.88935,228.672,272.953,257.557,239.779,219.665,0.150949,219.267,220.045,219.816,219.514,8.62755
WP_HT_1304_20161212,248.797,9.00457,223.226,272.119,257.802,239.793,219.634,0.155372,219.23,220.029,219.79,219.479,3.19741
WP_HT_1304_20170109,249.267,9.08324,227.155,273.365,258.35,240.184,219.621,0.157353,219.214,220.025,219.778,219.464,7.12967
WP_HT_1304_20170213,247.939,9.32244,221.192,275.744,257.262,238.617,219.605,0.159763,219.196,220.021,219.765,219.446,1.17061
WP_HT_1304_20170317,250.934,9.05532,226.399,276.813,259.989,241.879,219.592,0.161908,219.179,220.018,219.754,219.43,6.38084
WP_HT_1304_20170413,249.452,9.17557,221.714,283.748,258.627,240.276,219.581,0.163677,219.166,220.015,219.744,219.417,1.69881
WP_HT_1304_20170515,247.715,9.46595,220.849,275.545,257.181,238.249,219.568,0.165731,219.152,220.013,219.734,219.403,0.836391
WP_HT_1304_20170615,248.01,9.40656,223.179,278.97,257.416,238.603,219.557,0.167678,219.138,220.011,219.725,219.389,3.16869
WP_HT_1304_20170808,250.5,9.1415,226.178,281.59,259.641,241.358,219.538,0.170983,219.117,220.008,219.709,219.367,6.17084
WP_HT_1304_20170915,248.699,8.68718,220.793,273.679,257.387,240.012,219.526,0.173254,219.103,220.006,219.7,219.353,0.786785
WP_HT_1304_20171215,248.116,8.53813,226.426,273.662,256.654,239.578,219.5,0.178505,219.072,220.003,219.679,219.322,6.42277
WP_HT_1304_20180216,247.483,9.17671,220.757,278.174,256.66,238.307,219.484,0.182017,219.053,220.003,219.666,219.302,0.754355
WP_HT_1304_20180416,247.82,9.8889,220.83,274.708,257.709,237.931,219.471,0.185231,219.038,220.002,219.656,219.285,0.827211
WP_HT_1304_20180510,248.4,8.84792,220.636,276.813,257.248,239.553,219.465,0.18652,219.031,220.003,219.652,219.279,0.633414
WP_HT_1304_20180711,249.229,9.02621,222.977,283.744,258.255,240.203,219.452,0.189804,219.016,220.003,219.642,219.263,2.97395
WP_HT_1304_20180809,248.766,9.37158,222.698,278.839,258.137,239.394,219.447,0.191322,219.01,220.003,219.638,219.256,2.6944
WP_HT_1304_20181112,250.338,8.47132,225.513,272.285,258.81,241.867,219.428,0.196226,218.987,220.003,219.624,219.232,5.50912
WP_HT_1304_20181219,248.498,8.83099,224.585,271.845,257.329,239.667,219.421,0.198097,218.98,220.004,219.62,219.223,4.58087
WP_HT_1304_20190412,247.837,9.20831,220.748,279.48,257.045,238.629,219.404,0.203786,218.958,220.007,219.608,219.2,0.741404
WP_HT_1304_20190510,249.041,8.87026,225.444,272.238,257.911,240.17,219.4,0.205168,218.953,220.007,219.605,219.195,5.43677
WP_HT_1304_20190614,246.624,8.86477,223.782,275.683,255.489,237.76,219.395,0.20689,218.947,220.008,219.602,219.188,3.77356
WP_HT_1304_20190816,249.464,9.09551,220.246,278.225,258.56,240.369,219.387,0.209968,218.937,220.01,219.597,219.177,0.235673
WP_HT_1304_20191213,249.723,9.09531,226.9,272.376,258.818,240.628,219.372,0.215737,218.918,220.013,219.588,219.156,6.88671
WA_HT_1352_20160701,180.166,9.02729,156.852,204.781,189.194,171.139,261.26,0.176934,260.681,261.746,261.437,261.083,55.9001
WA_HT_1352_20160801,175.659,8.97737,152.036,200.141,184.637,166.682,261.233,0.178921,260.649,261.722,261.412,261.054,60.508
WA_HT_1352_20160901,178.497,9.20734,150.207,208.499,187.705,169.29,261.205,0.180913,260.616,261.698,261.386,261.024,52.1174
WA_HT_1352_20161001,176.974,9.49114,148.377,201.611,186.465,167.483,261.177,0.182891,260.584,261.674,261.36,260.994,58.9727
WA_HT_1352_20161101,177.613,8.87403,150.172,202.998,186.487,168.739,261.15,0.184874,260.552,261.65,261.335,260.965,57.554
WA_HT_1352_20161201,180.455,9.83777,151.04,205.387,190.293,170.617,261.122,0.186873,260.519,261.626,261.309,260.935,55.1321
WA_HT_1352_20170101,182.857,8.94127,157.6,206.519,191.799,173.916,261.094,0.1889,260.486,261.601,261.283,260.905,53.9675
WA_HT_1352_20170201,183.875,9.30246,160.688,213.545,193.177,174.573,261.067,0.190823,260.455,261.578,261.258,260.877,46.9099
WA_HT_1352_20170301,184.625,9.55081,157.489,213.321,194.176,175.074,261.041,0.192732,260.425,261.555,261.234,260.848,47.1035
WA_HT_1352_20170401,184.901,9.26834,156.69,207.166,194.169,175.632,261.014,0.194688,260.394,261.532,261.209,260.819,53.2275
WA_HT_1352_20170501,181.205,9.31248,157.185,210.968,190.518,171.893,260.987,0.196649,260.362,261.508,261.184,260.791,49.3941
WA_HT_1352_20170601,179.705,9.54314,151.286,207.826,189.248,170.162,260.96,0.198629,260.331,261.484,261.159,260.761,52.5047
WA_HT_1352_20170701,176.6,9.0838,149.443,196.574,185.684,167.516,260.933,0.200621,260.299,261.46,261.133,260.732,63.725
WA_HT_1352_20170801,166.64,9.37798,136.316,193.13,176.017,157.262,260.904,0.202657,260.266,261.436,261.107,260.702,67.1361
WA_HT_1352_20170901,169.483,9.09406,141.713,193.971,178.577,160.389,260.875,0.204696,260.232,261.41,261.08,260.67,66.2613
WA_HT_1352_20171001,171.101,9.44027,146.192,208.501,180.541,161.661,260.847,0.206715,260.2,261.385,261.053,260.64,51.6988
WA_HT_1352_20171101,172.995,9.70525,145.004,199.858,182.7,163.29,260.82,0.208713,260.168,261.362,261.028,260.611,60.3104
WA_HT_1352_20171201,173.927,8.94589,145.25,197.821,182.873,164.981,260.793,0.210693,260.137,261.338,261.003,260.582,62.3162
WA_HT_1352_20180101,175.252,8.91819,150.838,203.191,184.171,166.334,260.764,0.212711,260.105,261.313,260.977,260.552,56.914
WA_HT_1352_20180201,176.425,9.28293,154.22,203.916,185.708,167.142,260.738,0.214624,260.074,261.29,260.952,260.523,56.1578
WA_HT_1352_20180301,176.515,9.6732,147.911,205.032,186.188,166.842,260.711,0.216537,260.043,261.266,260.928,260.494,55.0116
WA_HT_1352_20180401,175.514,9.21027,149.813,195.858,184.724,166.303,260.683,0.218527,260.012,261.242,260.902,260.465,64.1532
WA_HT_1352_20180501,173.905,9.61131,147,207.157,183.516,164.294,260.655,0.220522,259.98,261.217,260.876,260.435,52.823
WA_HT_1352_20180601,168.982,8.53465,146.205,189.555,177.517,160.448,260.627,0.222508,259.948,261.193,260.85,260.405,70.3929
WA_HT_1352_20180701,167.282,8.56719,143.996,193.987,175.849,158.715,260.6,0.22448,259.916,261.168,260.824,260.375,65.9293
WA_HT_1352_20180801,165.434,9.57051,132.394,189.521,175.005,155.864,260.572,0.226469,259.885,261.144,260.798,260.346,70.3637
WA_HT_1352_20180901,168.518,8.41903,143.474,197.476,176.937,160.099,260.544,0.228411,259.853,261.12,260.773,260.316,62.3772
WA_HT_1352_20181001,173.017,9.07836,149.028,201.293,182.096,163.939,260.516,0.230339,259.821,261.094,260.746,260.285,58.5281
WA_HT_1352_20181101,175.487,9.17103,149.826,206.411,184.658,166.316,260.489,0.232112,259.791,261.07,260.721,260.257,53.38
WA_HT_1352_20181201,177.879,8.74252,155.683,202.118,186.622,169.137,260.464,0.233758,259.764,261.046,260.697,260.23,57.646
WA_HT_1352_20190101,179.517,8.40563,157.755,201.189,187.923,171.112,260.434,0.235439,259.732,261.019,260.669,260.198,58.5424
WA_HT_1352_20190201,181.916,8.93262,153.908,209.198,190.849,172.984,260.408,0.236988,259.703,260.998,260.645,260.171,50.5052
WA_HT_1352_20190301,180.852,9.4512,156.896,214.053,190.304,171.401,260.383,0.238524,259.676,260.978,260.621,260.144,45.6236
WA_HT_1352_20190401,178.44,9.07357,150.403,200.255,187.514,169.367,260.351,0.240261,259.641,260.951,260.591,260.11,59.3854
WA_HT_1352_20190501,178.57,8.59326,155.084,199.683,187.164,169.977,260.31,0.242115,259.597,260.917,260.552,260.068,59.9131
WA_HT_1352_20190601,177.274,9.45354,155.907,206.228,186.728,167.821,260.28,0.243836,259.564,260.892,260.524,260.036,53.3364
WA_HT_1352_20190701,175.318,9.07862,141.543,200.326,184.396,166.239,260.255,0.24539,259.537,260.871,260.5,260.01,59.2111
WA_HT_1352_20190801,169.342,9.11152,140.916,192.382,178.453,160.23,260.23,0.246979,259.509,260.851,260.477,259.983,67.1276
WA_HT_1352_20190901,167.037,9.4094,139.795,197.093,176.446,157.627,260.216,0.248497,259.493,260.84,260.465,259.968,62.4005
WA_HT_1352_20191001,166.293,9.11435,138.498,188.644,175.407,157.178,260.192,0.250155,259.466,260.819,260.442,259.942,70.8221
WA_HT_1352_20191101,168.8,8.98582,141.379,197.109,177.786,159.814,260.165,0.251865,259.435,260.797,260.417,259.913,62.3263
WA_HT_1352_20191201,171.054,8.9138,141.433,205.785,179.968,162.141,260.134,0.253617,259.401,260.772,260.388,259.881,53.6168
WA_HT_1393_20180701,222.76,8.01231,197.006,243.872,230.773,214.748,247.717,0.186771,247.128,248.319,247.904,247.53,3.25573
WA_HT_1393_20190901,222.813,8.55825,195.506,243.977,231.372,214.255,247.493,0.200053,246.9,248.131,247.693,247.293,2.9228
WP_HT_2368_20160713,326.785,9.72436,302.469,356.36,336.51,317.061,284.964,0.092209,284.731,285.257,285.056,284.871,17.2116
WP_HT_2368_20160809,316.267,9.62691,290.721,348.462,325.894,306.64,284.956,0.0942212,284.719,285.256,285.05,284.862,5.46464
WP_HT_2368_20161213,311.378,8.51959,290.949,334.864,319.898,302.859,284.917,0.10329,284.662,285.248,285.02,284.814,5.70149
WP_HT_2368_20170110,312.066,8.81278,292.111,341.142,320.879,303.253,284.908,0.105233,284.65,285.245,285.014,284.803,6.86597
WP_HT_2368_20170516,316.219,9.31219,291.078,342.29,325.532,306.907,284.867,0.113676,284.593,285.231,284.981,284.754,5.84765
WP_HT_2368_20170613,312.238,9.39343,288.42,338.023,321.632,302.845,284.858,0.115489,284.58,285.227,284.973,284.742,3.19299
WP_HT_2368_20190116,327.332,9.03957,301.458,351.03,336.372,318.293,284.639,0.14891,284.254,285.104,284.788,284.49,16.3535
WP_HT_2368_20190318,319.359,8.96248,297.066,340.824,328.321,310.396,284.614,0.151987,284.218,285.087,284.766,284.462,11.9788
WP_HT_2368_20190613,324.463,8.82766,302.696,350.611,333.291,315.635,284.577,0.156243,284.167,285.062,284.733,284.421,17.6346
WP_HT_2368_20190711,320.194,9.59739,294.457,351.667,329.792,310.597,284.565,0.157582,284.15,285.053,284.723,284.407,9.40338
WA_HT_2584_20181201,272.515,8.42251,253.886,299.492,280.938,264.093,245.728,0.302132,244.958,246.471,246.03,245.426,7.41464
WA_HT_2584_20190101,274.17,8.7726,250.412,298.317,282.943,265.397,245.704,0.304347,244.926,246.45,246.009,245.4,3.96243
WA_HT_2584_20190201,273.83,9.57147,247.147,304.81,283.401,264.258,245.631,0.306847,244.845,246.381,245.938,245.325,0.76605
WA_HT_2584_20190401,271.879,8.93308,250.366,297.512,280.812,262.946,245.651,0.310597,244.852,246.402,245.962,245.341,3.96338
WA_HT_2584_20190501,274.654,8.42437,251.125,296.506,283.078,266.229,245.65,0.312471,244.845,246.402,245.963,245.338,4.72303
WA_HT_2658_20160701,206.891,8.6264,177.417,229.627,215.517,198.264,232.225,0.177126,231.619,232.698,232.402,232.048,1.99264
WA_HT_2658_20161001,205.977,9.05271,180.364,230.265,215.029,196.924,232.292,0.18643,231.646,232.793,232.479,232.106,1.38141
WA_HT_2658_20161101,206.153,8.7387,183.558,228.301,214.892,197.414,232.312,0.189212,231.654,232.821,232.501,232.122,3.35265
WA_HT_2658_20170801,199.451,8.87575,170.262,224.156,208.327,190.575,232.416,0.208884,231.676,232.984,232.625,232.208,7.5197
WA_HT_2658_20170901,201.272,9.49181,174.612,230.32,210.764,191.78,232.419,0.210557,231.671,232.991,232.629,232.208,1.35134
WA_HT_2658_20171001,201.784,9.51167,176.232,228.201,211.296,192.272,232.421,0.212163,231.667,232.998,232.633,232.208,3.46672
WA_HT_2658_20171101,201.862,9.27791,171.584,229.42,211.14,192.584,232.421,0.213708,231.662,233.003,232.635,232.208,2.24264
WA_HT_2658_20171201,201.586,9.0058,180.035,230.796,210.592,192.58,232.42,0.215177,231.656,233.007,232.635,232.205,0.860055
WA_HT_2658_20180101,202.276,8.99671,169.943,227.798,211.273,193.279,232.418,0.21661,231.648,233.008,232.634,232.201,3.84998
WA_HT_2658_20180201,203.014,9.15217,179.773,226.621,212.166,193.862,232.414,0.217916,231.64,233.009,232.632,232.196,5.0191
WA_HT_2658_20180301,201.826,9.51623,167.758,229.714,211.342,192.31,232.409,0.219169,231.631,233.007,232.628,232.19,1.91648
WA_HT_2658_20180501,200.579,8.53336,172.816,222.565,209.112,192.045,232.395,0.221623,231.609,233.001,232.617,232.174,9.04353
WA_HT_2658_20180601,199.45,9.69217,164.718,225.928,209.142,189.758,232.387,0.222787,231.596,232.996,232.61,232.164,5.66797
WA_HT_2658_20180701,199.616,9.40445,175.842,225.147,209.02,190.212,232.377,0.223913,231.583,232.99,232.601,232.153,6.43581
WA_HT_2658_20180801,195.887,9.29549,167.418,218.651,205.183,186.592,232.366,0.225025,231.568,232.982,232.591,232.141,12.9172
WA_HT_2658_20180901,196.82,8.75551,173.455,222.583,205.575,188.064,232.353,0.226092,231.553,232.973,232.579,232.127,8.96968
WA_HT_2658_20181001,199.231,9.52265,176.078,226.106,208.754,189.708,232.344,0.227184,231.54,232.966,232.571,232.117,5.4341
WA_HT_2658_20181101,201.107,9.47156,176.289,224.834,210.579,191.635,232.336,0.228317,231.529,232.962,232.564,232.108,6.6949
WA_HT_2658_20190101,205.141,8.3656,180.398,229.501,213.506,196.775,232.323,0.230619,231.509,232.957,232.554,232.092,2.00795
WA_HT_2658_20190201,206.474,8.38688,187.227,230.808,214.861,198.087,232.318,0.231737,231.501,232.956,232.55,232.087,0.693321
WA_HT_2658_20190301,205.985,9.46362,178.472,228.307,215.448,196.521,232.314,0.232831,231.493,232.954,232.547,232.081,3.18627
WA_HT_2658_20190601,208.084,8.9378,179.557,229.719,217.022,199.147,232.298,0.236029,231.467,232.949,232.534,232.062,1.74812
WA_HT_2658_20190701,205.908,8.5842,183.243,229.753,214.492,197.324,232.294,0.237083,231.46,232.948,232.531,232.057,1.70689
WA_HT_2682_20180901,286.437,8.8818,254.936,305.643,295.319,277.556,308.116,0.412111,306.921,309.32,308.528,307.704,1.278
WA_HT_2896_20180801,287.719,8.58303,262.532,311.297,296.302,279.136,314.98,0.154389,314.588,315.389,315.135,314.826,3.29133
WP_HT_0003_20161213,274.506,8.72522,250.96,300.009,283.231,265.781,249.22,0.254459,248.388,250.156,249.474,248.965,0.804241
WP_HT_0003_20170214,278.783,9.05305,251.307,301.973,287.836,269.729,249.245,0.267339,248.371,250.241,249.513,248.978,1.06625
WP_HT_0003_20170316,278.908,9.2894,250.896,303.732,288.198,269.619,249.256,0.273352,248.361,250.279,249.529,248.982,0.617064
WP_HT_0003_20170414,278.506,8.32006,250.8,299.42,286.826,270.186,249.165,0.279472,248.258,250.223,249.445,248.886,0.577007
WP_HT_0003_20190214,276.45,8.93214,254.561,306.271,285.382,267.517,249.215,0.388172,247.931,250.709,249.603,248.827,3.85186
WP_HT_0003_20190509,273.957,8.6499,251.497,298.086,282.607,265.307,249.171,0.398862,247.845,250.703,249.57,248.773,0.794197
WP_HT_0003_20190613,275.9,9.09648,254.127,304.897,284.996,266.803,249.095,0.403767,247.755,250.646,249.499,248.691,3.48053
WP_HT_0575_20161212,286.408,8.88373,263.387,307.996,295.292,277.525,309.46,0.269766,308.68,310.126,309.73,309.191,0.683097
WP_HT_0575_20170915,283.623,9.15668,259.333,304.37,292.78,274.467,309.677,0.302391,308.793,310.417,309.98,309.375,4.42325
WP_HT_0575_20180510,283.773,8.94902,260.003,308.478,292.722,274.824,309.771,0.320707,308.823,310.54,310.092,309.451,0.34539
WP_HT_0575_20180614,266.363,9.00701,236.263,288.591,275.37,257.356,309.778,0.322877,308.822,310.548,310.101,309.455,20.2306
WP_HT_0575_20180809,276.935,8.80283,249.666,302.705,285.738,268.132,309.785,0.326112,308.817,310.559,310.111,309.459,6.1114
WP_HT_0575_20180914,278.88,9.28199,253.82,304.399,288.162,269.598,309.79,0.328038,308.814,310.565,310.118,309.462,4.41432
WP_HT_0575_20190820,276.111,9.45593,246.074,299.261,285.567,266.655,309.849,0.344385,308.827,310.661,310.193,309.505,9.56683
WP_HT_0575_20190913,282.07,9.69838,256.421,305.584,291.768,272.371,309.852,0.345381,308.827,310.667,310.197,309.507,3.24292
WP_HT_0575_20191018,281.095,8.93398,251.962,303.641,290.029,272.161,309.856,0.346759,308.826,310.674,310.202,309.509,5.18505
WA_HT_0834_20161201,280.996,9.32088,259.176,310.396,290.317,271.675,256.46,0.480983,255.231,257.398,256.941,255.979,1.77832
WA_HT_0834_20170101,280.999,8.61764,258.734,303.396,289.617,272.381,256.427,0.492966,255.169,257.384,256.92,255.934,1.35022
WA_HT_0834_20170201,281.785,8.79504,262.073,307.072,290.58,272.99,256.385,0.503498,255.104,257.352,256.888,255.881,4.72076
WA_HT_0834_20170801,280.445,8.80218,257.703,307.061,289.247,271.643,256.047,0.555809,254.646,257.097,256.603,255.491,0.606024
WA_HT_0834_20171201,280.218,8.48592,261.197,302.487,288.704,271.732,255.764,0.567542,254.324,256.848,256.332,255.197,4.34829
WA_HT_0834_20180401,280.538,9.19081,257.894,307.023,289.729,271.347,255.497,0.573012,254.041,256.603,256.07,254.924,1.29082
WA_HT_0834_20180601,279.887,8.86588,258.291,305.617,288.753,271.021,255.321,0.573819,253.87,256.433,255.895,254.747,1.85759
WA_HT_0834_20180701,280.132,9.17191,259.221,309.876,289.304,270.96,255.226,0.574095,253.775,256.341,255.8,254.651,2.8804
WA_HT_0834_20181001,280.845,8.74856,258.466,306.314,289.594,272.097,255.003,0.575127,253.535,256.127,255.578,254.428,2.33926
WA_HT_0834_20190101,283.134,8.79038,257.166,306.82,291.924,274.344,254.948,0.5806,253.453,256.094,255.528,254.367,1.07156
WA_HT_0834_20190201,281.653,9.38259,260.21,303.695,291.036,272.27,254.943,0.584111,253.441,256.102,255.527,254.359,4.10831
WA_HT_0834_20190501,281.03,9.26042,259.163,308.057,290.29,271.769,254.937,0.598061,253.41,256.143,255.535,254.339,3.01923
WA_HT_0834_20190701,280.341,9.30033,257.162,301.442,289.642,271.041,254.914,0.607798,253.372,256.154,255.522,254.306,1.00776
WA_HT_0834_20190901,279.574,9.09601,256.747,302.833,288.67,270.478,254.833,0.617628,253.29,256.106,255.45,254.215,0.641207
WA_HT_0834_20191001,280.005,9.11104,257.227,306.925,289.116,270.894,254.788,0.621981,253.229,256.075,255.41,254.166,1.15222
WA_HT_0834_20191201,280.156,8.93274,259.028,305.732,289.089,271.223,254.758,0.629221,253.167,256.065,255.387,254.129,2.96324
WA_TB_1007_20180801,191.533,9.62371,163.888,215.657,201.157,181.909,220.03,0.241104,219.377,220.832,220.271,219.789,3.71969
WA_TB_1007_20191001,194.902,8.62738,172.342,218.273,203.53,186.275,220.151,0.295177,219.351,221.121,220.446,219.856,1.07807
S_4595_201811,5.18826,29.4176,-94.9342,75.4415,34.6058,-24.2293,85.2736,1.23838,81.9512,88.5405,86.5119,84.0352,6.50969
S_7817_201701,39.4676,8.91816,16.9684,63.6888,48.3858,30.5495,4.52651,0.308923,3.77115,5.61411,4.83544,4.21759,11.3543
S_7817_201702,36.6094,7.73161,17.1786,62.9391,44.341,28.8778,4.44465,0.196,3.89234,5.20084,4.64065,4.24865,11.9778
S_7817_201703,36.2428,7.44371,16.0542,59.0756,43.6865,28.7991,3.20331,0.270367,2.5175,4.0429,3.47368,2.93294,12.0113
S_7817_201704,41.5496,9.89551,9.97417,78.3911,51.4452,31.6541,0.365821,0.1248,0.101308,0.782695,0.490621,0.241021,9.19148
S_7817_201809,12.7568,25.2735,-52.3919,79.0536,38.0303,-12.5168,86.3343,0.335926,85.3747,87.4597,86.6702,85.9984,6.32114
S_7817_201810,32.078,16.2221,-16.5338,81.1602,48.3002,15.8559,132.824,1.11277,129.805,136.213,133.936,131.711,48.6451
S_7817_201811,33.8122,7.22554,14.8726,52.6832,41.0378,26.5867,57.3388,0.819164,54.891,60.3735,58.158,56.5197,2.20784
S_7817_201902,57.658,11.2063,28.4201,87.585,68.8643,46.4517,18.399,0.402456,17.5145,19.5645,18.8014,17.9965,8.85565
S_7817_201903,39.8243,8.35576,12.4504,66.167,48.1801,31.4685,0.244906,0.102281,0.0466828,0.511881,0.347187,0.142625,11.9385
S_7817_201904,36.7969,7.08407,18.4021,56.8833,43.881,29.7128,1.1667,0.106753,0.900912,1.43899,1.27345,1.05995,16.9631
S_7817_201907,30.9338,8.61835,5.23948,55.7239,39.5521,22.3154,1.98128,0.146574,1.5745,2.44028,2.12785,1.8347,2.7992
S_55200_201608,140.634,18.3748,91.871,195.364,159.009,122.26,198.979,0.0698813,198.812,199.16,199.049,198.909,3.44795
S_55200_201609,43.8534,6.2476,25.8437,61.973,50.101,37.6058,67.8391,0.0795127,67.6103,68.1159,67.9186,67.7596,5.63726
S_55200_201702,70.4351,3.04398,63.224,78.2839,73.479,67.3911,47.772,0.0512031,47.666,47.9016,47.8232,47.7208,15.3224
S_55200_201703,57.1633,3.37397,47.4484,67.1542,60.5373,53.7893,39.6865,0.0555092,39.5423,39.8342,39.742,39.631,7.61427
S_55200_201704,48.6932,6.45907,34.105,65.0415,55.1522,42.2341,27.3638,0.0608628,27.2159,27.5316,27.4246,27.3029,6.57343
S_55200_201809,55.9324,10.0814,24.59,88.4977,66.0138,45.851,120.885,0.0794095,120.653,121.151,120.965,120.806,32.1549
S_55200_201811,84.1861,3.20814,75.4365,93.5941,87.3943,80.978,110.191,0.0712371,110.009,110.387,110.262,110.119,16.415
S_55200_201902,55.5458,3.93289,46.5704,65.7168,59.4787,51.6129,38.0832,0.0580449,37.9187,38.2529,38.1412,38.0251,8.31744
S_55200_201906,69.4935,4.01289,59.4723,82.2755,73.5064,65.4806,124.777,0.0742458,124.523,124.959,124.852,124.703,42.2473
S_58700_201703,121.453,23.4937,57.8469,187.603,144.946,97.9588,36.4007,0.540645,35.1844,38.3311,36.9413,35.86,19.5158
S_58810_201810,22.0287,7.28214,1.48527,39.5742,29.3108,14.7466,40.1593,3.55941e-14,40.1593,40.1593,40.1593,40.1593,0.585089
S_58813_201810,46.2559,10.5595,19.0157,76.1429,56.8154,35.6963,17.8008,0.430298,16.4597,18.8881,18.2311,17.3705,0.127553
S_58827_201810,54.4381,32.2709,-25.4681,154.282,86.709,22.1672,170.794,1.06401,167.631,174.318,171.858,169.73,13.3495
S_70500_201607,316.519,12.0902,273.466,350.021,328.609,304.429,205.788,10.3222,119.398,224.05,216.111,195.466,49.4156
S_70500_201608,286.321,10.5941,253.971,318.042,296.915,275.727,207.927,10.2207,122.151,226.117,218.148,197.706,27.8544
S_70500_201610,271.061,9.60663,243.195,292.686,280.668,261.454,221.456,9.99168,137.211,239.323,231.448,211.464,3.87272
S_70500_201611,247.542,9.50756,222.727,271.197,257.049,238.034,197.114,9.9178,113.338,214.932,207.032,187.196,7.79588
S_70500_201704,284.453,11.8973,253.681,329.954,296.35,272.556,203.886,9.528,122.509,221.209,213.414,194.358,32.4714
S_70500_201705,269.686,9.3657,242.608,298.984,279.052,260.32,177.81,9.43209,97.2114,195.039,187.242,168.378,47.5686
S_70500_201706,242.603,8.93762,214.781,269.595,251.54,233.665,171.635,9.38732,91.4116,188.796,181.022,162.248,25.9845
S_70500_201903,239.554,9.23428,207.939,264.458,248.788,230.32,180.205,8.4199,106.424,195.897,188.624,171.785,12.0423
S_70500_201904,239.604,8.74492,216.199,266.459,248.349,230.859,182.528,8.39671,108.914,198.183,190.925,174.131,18.0164
S_70500_201905,275.154,9.48242,245.63,301.76,284.636,265.671,222.299,8.3704,148.854,237.92,230.669,213.928,7.70966
S_70500_201906,263.933,9.99521,240.988,292.402,273.929,253.938,189.489,8.34062,116.25,205.043,197.83,181.149,35.9447
S_70500_201907,228.674,7.85303,206.32,248.013,236.527,220.821,174.952,8.31046,101.92,190.471,183.262,166.641,15.8496
S_70500_201908,214.33,8.16137,186.73,236.882,222.492,206.169,167.116,8.28761,94.2604,182.591,175.403,158.828,4.13957
S_70890_201809,5.47816,10.7361,-24.4008,33.28,16.2143,-5.25797,52.109,0.094582,51.8186,52.4346,52.2036,52.0144,18.5386
S_70890_201810,19.7831,8.28751,-5.36704,44.3139,28.0706,11.4956,78.047,0.154326,77.6184,78.4629,78.2013,77.8927,33.3045
S_70890_201811,17.4135,3.37202,8.29022,26.9877,20.7855,14.0415,41.2411,0.302637,40.1585,42.3112,41.5437,40.9384,13.1708
S_70950_201705,71.6479,16.0692,30.4105,124.386,87.7172,55.5787,23.5967,0.718023,21.8212,25.961,24.3147,22.8787,4.44941
S_70950_201810,67.1357,37.2221,-55.8554,183.553,104.358,29.9136,222.01,42.9804,191.33,482.601,264.99,179.03,7.77658
S_70950_201811,70.2743,14.0279,33.2344,107.57,84.3021,56.2464,152.482,20.6766,133.556,227.613,173.159,131.806,25.9868
S_70950_201903,72.0912,14.2909,27.9923,104.868,86.3821,57.8003,23.9934,0.727128,22.2905,26.2635,24.7205,23.2663,1.72878
S_71290_201810,179.285,51.2149,15.1905,298.253,230.5,128.07,412.055,42.5994,380.305,669.665,454.654,369.456,82.0518
S_71290_201811,151.113,30.509,62.8949,223.199,181.622,120.604,287.795,20.8342,267.475,364.789,308.629,266.961,44.2756
S_71290_201903,117.008,22.8646,55.8685,185.438,139.873,94.1434,33.7937,0.847388,31.5485,36.6203,34.641,32.9463,19.2481
S_71290_201904,98.2784,23.1104,42.8407,176.224,121.389,75.168,38.8135,0.879075,36.6629,41.7939,39.6926,37.9344,1.04674
