iteration,total_runs,obs_realization,par_realization,zball,zb003,zb007,zb005,zb001,zb002,zb006,zb004,burnin,valid,oobs
0,266,0,0,0.841962,192461,32025.2,198963,684743,851911,203592,285684,0,0,0
0,266,1,1,0.854967,192292,33120.1,197062,696347,850321,198444,283971,0,0,0
0,266,2,2,0.832264,192409,33791.4,197415,690491,1.00933e+06,202740,337247,0,0,0
0,266,3,3,0.858807,192962,32760.9,198362,691442,838579,198606,279912,0,0,0
0,266,4,4,0.784421,192743,32804.1,197218,701979,984686,199991,322292,0,0,0
0,266,5,5,0.886641,192131,32092.6,198217,694080,1.05526e+06,198196,345229,0,0,0
0,266,6,6,0.89678,191965,32569.2,199122,697993,836223,193334,277243,0,0,0
0,266,7,7,0.864591,192347,32088.5,197505,693946,848158,194810,274773,0,0,0
0,266,8,8,0.834236,193003,33111.9,198269,696237,961717,194812,313317,0,0,0
0,266,9,9,0.892925,192227,30721.2,197976,687663,839080,200479,283531,0,0,0
0,266,10,10,0.82202,192603,32583.2,196915,702139,922192,202234,303902,0,0,0
0,266,11,11,0.894995,191773,32754.9,198137,691073,889046,194698,293471,0,0,0
0,266,12,12,0.873041,192598,32487.3,197626,690604,989283,195830,328025,0,0,0
0,266,13,13,0.896401,192411,32227.9,196849,687723,839334,194334,280106,0,0,0
0,266,14,14,0.829568,192682,33212.5,198227,692563,861043,193525,286749,0,0,0
0,266,15,15,0.876941,191481,32863.7,197372,684054,842203,195865,280433,0,0,0
0,266,16,16,0.819625,191981,33468.2,197234,694975,870971,203908,284494,0,0,0
0,266,17,17,0.842431,192873,33087.9,199706,687807,847022,198429,282020,0,0,0
0,266,18,18,0.840954,192558,32842.2,197088,690785,845063,196322,282575,0,0,0
0,266,19,19,0.876559,191776,33445.8,197664,724028,849508,201235,281191,0,0,0
0,266,20,20,0.865727,191818,33674.4,197898,701230,892611,194754,294753,0,0,0
0,266,21,21,0.789192,192673,32110.5,197236,694789,901394,206858,294203,0,0,0
0,266,22,22,0.778914,192919,33262.5,198474,718990,957692,209039,307864,0,0,0
0,266,23,23,0.802772,192968,32351.7,199443,690754,841369,205802,280456,0,0,0
0,266,24,24,0.874171,192281,33076.1,198309,687307,878129,192116,292455,0,0,0
0,266,25,25,0.866966,192263,32156.7,196361,695403,841160,203581,278871,0,0,0
0,266,26,26,0.821003,193069,33665.3,197886,693115,976718,197880,321565,0,0,0
0,266,27,27,0.898755,192032,33092.7,197452,686765,834807,194339,281032,0,0,0
0,266,30,30,0.888397,191609,32156.5,197600,688602,838011,199794,279004,0,0,0
0,266,31,31,0.89571,192102,34964.9,200444,699106,857477,191477,280098,0,0,0
0,266,32,32,0.801878,192377,33106.4,198148,702751,917012,205806,302038,0,0,0
0,266,33,33,0.813454,192815,32970.5,199986,688990,870714,201617,289911,0,0,0
0,266,34,34,0.84308,192545,31355.9,198528,1.00867e+06,1.15371e+06,198220,281811,0,0,0
0,266,35,35,0.808066,192758,32560.1,196358,690047,866992,204073,285880,0,0,0
0,266,36,36,0.87467,192258,32283.3,197451,690608,1.04673e+06,196702,343032,0,0,0
0,266,37,37,0.887309,192512,31503.5,197686,709704,856152,199150,283311,0,0,0
0,266,38,38,0.782809,192014,32110.4,199464,689743,841255,204297,281156,0,0,0
0,266,40,40,0.828997,192183,33197.3,197199,727493,925028,204042,295792,0,0,0
0,266,41,41,0.878212,192156,31587.5,197069,701999,843784,197135,278968,0,0,0
0,266,42,42,0.858238,192218,32438,198175,688590,926852,194241,307354,0,0,0
0,266,43,43,0.781517,192160,32379.2,198165,695436,882834,208514,291814,0,0,0
0,266,44,44,0.866317,192430,33282.7,198893,686134,839882,192994,279955,0,0,0
0,266,45,45,0.867775,192477,32734.8,199262,700607,977637,197379,319672,0,0,0
0,266,46,46,0.865696,192259,31494.8,197275,692129,836762,204656,282605,0,0,0
0,266,47,47,0.893009,192566,33273.9,198486,712781,1.00848e+06,200317,331167,0,0,0
0,266,49,49,0.861841,191483,32472.9,197904,702047,1.08782e+06,196880,358152,0,0,0
0,266,50,50,0.803155,192251,32862.4,197263,688447,848765,200566,284283,0,0,0
0,266,51,51,0.86707,192772,33070.1,197915,687155,1.0414e+06,198393,342235,0,0,0
0,266,52,52,0.857851,192107,32421.3,198568,686007,994466,192600,327380,0,0,0
0,266,53,53,0.875614,192521,31698.7,199422,697264,1.03445e+06,200901,341604,0,0,0
0,266,54,54,0.852097,192508,31005.4,197938,696862,846283,202093,283706,0,0,0
0,266,56,56,0.801788,192680,31492.9,197101,699466,974960,204446,318545,0,0,0
0,266,57,57,0.857165,191948,32210.6,197030,688923,832144,195110,278476,0,0,0
0,266,58,58,0.831917,192416,32768.2,198119,688737,840462,199404,281463,0,0,0
0,266,59,59,0.807474,192609,33800.8,199919,692959,843607,201886,282746,0,0,0
0,266,60,60,0.826247,192639,32013.5,199000,714865,858897,203864,282171,0,0,0
0,266,62,62,0.834001,192369,32863.4,197658,709961,964527,199088,315360,0,0,0
0,266,63,63,0.836753,191183,31831.9,197308,694336,847664,201388,287033,0,0,0
0,266,64,64,0.858602,192705,33522.6,197791,695225,906899,199153,301043,0,0,0
0,266,65,65,0.889359,192535,31818.3,195975,708712,846572,193843,281093,0,0,0
0,266,66,66,0.796905,192587,33293.7,198470,692633,839305,201375,279994,0,0,0
0,266,67,67,0.83626,191838,29976.2,197132,685520,968826,203634,321833,0,0,0
0,266,68,68,0.77145,192455,32791.9,198984,701229,850439,207432,283350,0,0,0
0,266,69,69,0.889323,192423,32666.8,198032,689875,1.19965e+06,197431,396994,0,0,0
0,266,70,70,0.873259,192509,32131.8,199500,689328,1.10377e+06,204937,369120,0,0,0
0,266,71,71,0.857604,192930,31753.7,196916,695674,853938,201610,285112,0,0,0
0,266,72,72,0.862196,193191,32487.9,199517,732075,864764,198856,279925,0,0,0
0,266,75,75,0.858521,191631,31603.9,196775,687936,857926,200393,285127,0,0,0
0,266,76,76,0.847077,192450,32318.4,197097,689612,936510,197612,302907,0,0,0
0,266,78,78,0.810239,192315,33923.8,197811,712035,858050,199907,283642,0,0,0
0,266,79,79,0.819988,191940,32518.7,197412,700749,1.01534e+06,203733,334266,0,0,0
0,266,80,80,0.859853,192088,33136.3,194526,686332,835315,198287,280254,0,0,0
0,266,81,81,0.888412,192555,32240.7,196094,694232,827517,191012,274004,0,0,0
0,266,82,82,0.877345,193420,32740.6,198011,729811,1.43439e+06,196981,486347,0,0,0
0,266,84,84,0.882399,191830,32845.8,198881,688247,839617,199299,279221,0,0,0
0,266,86,86,0.842063,192517,33275.9,196591,691342,866850,197292,288728,0,0,0
0,266,87,87,0.884027,192501,32257.1,197702,687745,925290,195724,304607,0,0,0
0,266,88,88,0.907389,192289,32508,197710,688129,993612,195308,327301,0,0,0
0,266,89,89,0.889718,191941,31162.4,199701,687135,843266,199198,284147,0,0,0
0,266,90,90,0.845374,192552,31917,197661,704542,837264,197068,278434,0,0,0
0,266,91,91,0.861098,192344,31853.3,197759,689904,869850,198002,287244,0,0,0
0,266,92,92,0.856052,192183,32432.6,197231,687386,848032,197322,282946,0,0,0
0,266,93,93,0.82121,191997,31059.9,198532,686943,845107,207048,282963,0,0,0
0,266,94,94,0.877815,192693,32999.4,200068,707561,864933,196114,283587,0,0,0
0,266,95,95,0.876395,192152,32588.3,198959,706904,1.28019e+06,202193,427900,0,0,0
0,266,97,97,0.888575,192669,31899.3,198499,694027,906214,193963,301033,0,0,0
0,266,98,98,0.857811,192358,31556,199618,689960,842979,200664,279361,0,0,0
0,266,100,100,0.897779,191964,31711.9,198392,724864,856893,190883,276314,0,0,0
0,266,101,101,0.874672,192055,32308.9,197268,685526,864462,197824,289072,0,0,0
0,266,102,102,0.896232,192872,32193.7,198163,685963,842205,194367,280011,0,0,0
0,266,103,103,0.859452,192345,33064.6,198909,693627,837467,192477,278700,0,0,0
0,266,104,104,0.859923,192823,32244.3,197846,699121,1.00101e+06,196316,325907,0,0,0
0,266,105,105,0.831284,192318,32427.1,196014,700206,940915,199820,308927,0,0,0
0,266,107,107,0.848585,192944,32023.6,199216,687311,842306,201919,282331,0,0,0
0,266,108,108,0.857572,192379,33615.3,197316,694986,849322,197177,287174,0,0,0
0,266,109,109,0.839587,192476,32240.6,196718,755269,1.17874e+06,196458,376606,0,0,0
0,266,111,111,0.858076,192449,31815.9,197542,691577,1.18308e+06,201699,395111,0,0,0
0,266,112,112,0.786845,192983,33821.6,199256,691291,871067,202849,287530,0,0,0
0,266,113,113,0.883254,192887,33067.8,200044,699788,1.02639e+06,195958,334527,0,0,0
0,266,114,114,0.791263,192317,32961.9,198915,710890,885728,202201,293039,0,0,0
0,266,116,116,0.890372,192804,31547.4,196844,695299,842389,199269,282094,0,0,0
0,266,117,117,0.788756,192883,32776.8,199566,690494,862558,207382,288260,0,0,0
0,266,118,118,0.917278,191975,31637.4,197717,690139,841483,195794,281696,0,0,0
0,266,119,119,0.87271,193008,32504.6,197504,689058,838489,193234,281750,0,0,0
0,266,120,120,0.812767,192206,32233.9,196932,698873,994522,206320,325359,0,0,0
0,266,121,121,0.888673,192650,31890.2,197179,705291,842310,197733,281472,0,0,0
0,266,122,122,0.855386,192304,33739.2,196194,687497,838185,199374,280266,0,0,0
0,266,123,123,0.838656,193183,32480.5,200664,693135,842077,198824,278042,0,0,0
0,266,124,124,0.833436,192495,32571.9,198623,687266,848312,201258,280394,0,0,0
0,266,125,125,0.845685,192123,32969.4,199437,696222,836863,195491,282054,0,0,0
0,266,126,126,0.85011,192400,32290.6,196989,690823,839645,201301,280431,0,0,0
0,266,127,127,0.833217,191613,33674.7,198229,704299,851780,197652,278435,0,0,0
0,266,128,128,0.885257,192530,32897,197931,690627,839433,196392,280446,0,0,0
0,266,129,129,0.829847,192259,32955.3,198497,688201,869143,197616,285941,0,0,0
0,266,130,130,0.850803,191988,32366.2,197160,685952,925649,200671,306631,0,0,0
0,266,131,131,0.882646,191727,31917.9,197724,686183,1.02995e+06,198768,335993,0,0,0
0,266,132,132,0.859261,192529,33030.9,196750,696628,847439,198714,284396,0,0,0
0,266,133,133,0.774562,192955,31759.3,197953,690773,858420,209444,283902,0,0,0
0,266,134,134,0.869288,192023,31417,200155,700842,862323,197024,283757,0,0,0
0,266,135,135,0.820567,193224,31161.8,199170,694485,850639,200484,281348,0,0,0
0,266,136,136,0.878841,192482,31905.9,197746,687405,1.05272e+06,196804,346279,0,0,0
0,266,137,137,0.837609,192403,32318.6,198430,693711,849285,203038,286317,0,0,0
0,266,138,138,0.867651,192149,32640.2,197617,686927,1.03136e+06,197087,342509,0,0,0
0,266,139,139,0.853364,192996,32380.3,199767,692820,854732,197466,281267,0,0,0
0,266,140,140,0.817911,191764,33431.6,197655,694487,840477,198776,282499,0,0,0
0,266,141,141,0.826809,192731,32703.7,198850,689925,888720,197373,296492,0,0,0
0,266,142,142,0.830196,191603,32497,198260,694903,845596,202800,281054,0,0,0
0,266,143,143,0.843221,192640,33955.9,197031,689795,842006,201474,279762,0,0,0
0,266,144,144,0.870449,191554,33120.1,197536,685935,983839,192686,319357,0,0,0
0,266,145,145,0.851983,193215,32715.7,199248,686803,826127,191398,276313,0,0,0
0,266,146,146,0.896781,193092,33538.8,198353,687141,843652,193377,283219,0,0,0
0,266,147,147,0.783208,192655,31795.6,199387,743583,873381,210636,279056,0,0,0
0,266,148,148,0.802355,192276,32129.7,196990,695012,860090,203554,281477,0,0,0
0,266,149,149,0.799453,192942,32895,198682,691063,840806,203948,281439,0,0,0
0,266,150,150,0.834386,192818,32435.4,199544,704648,862062,198932,282427,0,0,0
0,266,151,151,0.834635,192230,33416.6,197866,700992,988499,204244,328862,0,0,0
0,266,152,152,0.903643,192718,31408.3,199727,695840,859357,197266,287140,0,0,0
0,266,154,154,0.869352,191993,32246.2,198559,687243,875991,199221,290671,0,0,0
0,266,155,155,0.858092,191822,32197.4,200345,706983,947976,199330,312851,0,0,0
0,266,156,156,0.731445,192453,32750.6,198245,687627,981104,201638,322969,0,0,0
0,266,157,157,0.800291,192092,34401.1,197870,704065,852900,202028,283966,0,0,0
0,266,158,158,0.831415,192359,32183.9,198073,724811,857088,205035,282889,0,0,0
0,266,160,160,0.801919,192137,31883.5,197319,692268,850729,199848,278575,0,0,0
0,266,161,161,0.908796,192443,31880.4,196622,707150,973780,196396,316908,0,0,0
0,266,162,162,0.894929,191792,32372,197856,685692,892579,194574,297255,0,0,0
0,266,163,163,0.902445,191416,31359,197526,687360,844878,197648,279051,0,0,0
0,266,164,164,0.848287,192458,32571.6,199424,696334,1.01435e+06,199382,336427,0,0,0
0,266,165,165,0.882467,192023,33939.9,198215,694401,837934,192022,274808,0,0,0
0,266,166,166,0.779961,192205,32924.3,198431,723054,863507,206469,283991,0,0,0
0,266,168,168,0.809112,192534,32738.9,197269,690842,853893,201436,287117,0,0,0
0,266,169,169,0.847748,192328,32392.8,196986,718262,852774,201893,281814,0,0,0
0,266,171,171,0.781749,192498,33030.8,197300,694269,1.08812e+06,203317,357013,0,0,0
0,266,172,172,0.830597,192305,31417,198253,711693,855736,203274,279170,0,0,0
0,266,173,173,0.758328,192727,31790.1,198654,706338,854263,211595,284843,0,0,0
0,266,174,174,0.872465,193044,31787.6,197311,693050,1.09387e+06,194678,363355,0,0,0
0,266,175,175,0.809408,192583,33139.7,199163,694780,850782,204676,282808,0,0,0
0,266,176,176,0.77633,192020,33124.7,198603,689469,868752,205484,288062,0,0,0
0,266,177,177,0.894416,192517,31109.1,198531,695180,854452,200360,281030,0,0,0
0,266,178,178,0.921806,192332,32577.6,197530,711034,1.13855e+06,194805,366973,0,0,0
0,266,179,179,0.90134,192528,33321.3,197851,685588,863910,195073,285958,0,0,0
0,266,180,180,0.876089,192398,32939,197427,694335,840218,193435,279374,0,0,0
0,266,181,181,0.865331,191875,32343,197706,690499,906791,200875,299332,0,0,0
0,266,182,182,0.868241,192632,31653.5,198475,690445,985335,200751,327133,0,0,0
0,266,184,184,0.859322,192749,31828.1,197589,695072,969393,198311,318394,0,0,0
0,266,185,185,0.817706,192356,31585.1,195983,684265,895089,202610,291175,0,0,0
0,266,186,186,0.837593,192611,32709.4,197825,691157,908346,198103,300444,0,0,0
0,266,187,187,0.870345,192985,31822.5,199115,687663,866349,194650,288538,0,0,0
0,266,188,188,0.841407,192314,32227.2,199245,688359,837157,197185,278526,0,0,0
0,266,189,189,0.836263,191986,33072.5,197735,685195,889770,196700,295345,0,0,0
0,266,190,190,0.855979,192488,34006.5,198574,688592,848729,198681,279151,0,0,0
0,266,191,191,0.814618,192092,31874.9,198958,696334,847026,207231,282689,0,0,0
0,266,192,192,0.862587,192803,31718.8,199822,688761,994550,193218,324601,0,0,0
0,266,193,193,0.784899,192071,30971.1,199493,699172,852150,203226,281227,0,0,0
0,266,194,194,0.763573,192580,34404.4,199483,695329,846971,208299,282854,0,0,0
0,266,195,195,0.861222,192180,33200.8,198450,688426,834509,197500,277569,0,0,0
0,266,196,196,0.865066,192581,32305.6,198430,692307,864134,194171,290914,0,0,0
0,266,197,197,0.868066,192320,33581.3,197420,684510,1.02279e+06,194158,334259,0,0,0
0,266,198,198,0.819068,193300,32431.4,199567,704471,851918,199088,287330,0,0,0
0,266,199,199,0.831497,192666,33327.3,199261,689135,844224,199832,283801,0,0,0
0,266,200,200,0.827931,192399,33501,198458,702262,946216,198639,312253,0,0,0
0,266,201,201,0.848214,191991,33628.7,198020,693550,1.08902e+06,196543,356326,0,0,0
0,266,202,202,0.797575,192998,32319.6,198430,692171,832702,199648,280691,0,0,0
0,266,203,203,0.876622,192454,31973.4,198632,688314,832504,194894,280133,0,0,0
0,266,204,204,0.825998,191613,33409.2,196388,724844,877074,205586,287387,0,0,0
0,266,205,205,0.885363,192684,31702.8,200899,693727,1.02586e+06,198719,334240,0,0,0
0,266,206,206,0.863945,192917,32932.5,199590,689598,864976,199381,286608,0,0,0
0,266,207,207,0.885387,192512,31810.7,198068,686886,932638,194443,307268,0,0,0
0,266,208,208,0.877137,192765,34332.9,197742,688820,994584,194303,330721,0,0,0
0,266,209,209,0.853957,192112,32652.3,198299,691916,849754,198326,279351,0,0,0
0,266,210,210,0.795882,191835,33160.9,196802,685023,846313,202825,281434,0,0,0
0,266,211,211,0.799243,192461,33841.3,197259,698299,860449,206591,284307,0,0,0
0,266,212,212,0.871161,192175,31441.6,198746,694966,849701,199416,280291,0,0,0
0,266,213,213,0.841314,192070,34028.2,196940,696860,843553,200128,282237,0,0,0
0,266,214,214,0.839174,192012,32081.8,197449,701844,926728,202902,308390,0,0,0
0,266,215,215,0.888678,192484,31955.1,197497,709852,976614,193720,318720,0,0,0
0,266,216,216,0.866013,192044,32725.8,197893,710355,927960,194077,298451,0,0,0
0,266,217,217,0.863155,192018,32645.3,198160,692338,837227,195616,277097,0,0,0
0,266,218,218,0.862612,192519,31704.9,199551,690169,831263,197182,281306,0,0,0
0,266,219,219,0.904086,192049,31173.9,197376,690904,836285,195012,277950,0,0,0
0,266,223,223,0.917085,192565,31669.2,199456,688242,874218,195304,284508,0,0,0
0,266,224,224,0.856958,192191,31706.2,198376,698590,853783,197242,282405,0,0,0
0,266,225,225,0.808007,192426,33440.9,196813,690604,942925,203395,312190,0,0,0
0,266,226,226,0.886377,192520,33084.9,199238,699025,846982,193001,279028,0,0,0
0,266,227,227,0.863221,192428,31661,198201,687238,1.09e+06,200140,360047,0,0,0
0,266,228,228,0.864223,192139,33348.6,198885,690228,846574,198387,280809,0,0,0
0,266,229,229,0.871664,192979,33536.1,199008,688627,852768,198558,286551,0,0,0
0,266,230,230,0.807911,192455,31726.9,196900,689886,886089,208244,292702,0,0,0
0,266,231,231,0.881808,192446,33611.9,197245,690678,894071,193340,296559,0,0,0
0,266,232,232,0.855141,192518,32153.7,198033,685146,837994,202961,278790,0,0,0
0,266,233,233,0.837318,192489,31549.8,199492,685089,901370,195255,295364,0,0,0
0,266,235,235,0.865394,193376,32847.1,198372,701445,906482,194902,297202,0,0,0
0,266,236,236,0.837954,193108,31434.9,196004,684402,841759,200551,282478,0,0,0
0,266,237,237,0.840739,191796,32464.4,198541,716410,869463,203600,285269,0,0,0
0,266,238,238,0.855303,193293,32150.5,198309,690100,863360,196388,290141,0,0,0
0,266,239,239,0.877375,192383,32920.1,198284,686127,836618,196676,280930,0,0,0
0,266,240,240,0.876434,192439,32568.2,197498,691288,839100,198425,281309,0,0,0
0,266,241,241,0.837148,192623,33241.2,199213,725363,851704,201368,283880,0,0,0
0,266,243,243,0.787093,193214,31488.2,198488,695702,878871,206601,291828,0,0,0
0,266,244,244,0.828995,192954,32509.2,197006,712885,851165,204736,283173,0,0,0
0,266,245,245,0.85153,192324,32335.3,197519,690624,834192,200269,283224,0,0,0
0,266,247,247,0.837822,192777,31413.3,198727,686983,851767,205543,283390,0,0,0
0,266,248,248,0.84974,192374,33437.4,198005,688362,946952,197529,311361,0,0,0
0,266,249,249,0.852549,192318,32440.1,199260,694042,849556,198456,288327,0,0,0
0,266,250,250,0.821417,191908,33140.1,197039,685934,844540,200460,282585,0,0,0
0,266,252,252,0.846276,192427,32674.7,197162,690507,842890,201870,283048,0,0,0
0,266,253,253,0.882303,192367,33204.2,197728,688630,940747,194108,306969,0,0,0
0,266,254,254,0.792582,193062,33568.4,198448,704935,896477,202709,295660,0,0,0
0,266,255,255,0.883051,191918,31544.1,195662,699493,971060,193522,316625,0,0,0
0,266,256,256,0.887912,192235,31817.4,197433,747372,1.08853e+06,196605,346093,0,0,0
0,266,257,257,0.838045,192538,32797.5,197838,699790,847644,204333,283153,0,0,0
0,266,258,258,0.863572,192573,31355.9,198560,695870,843355,196796,277859,0,0,0
0,266,259,259,0.868939,192451,33342.3,197197,690044,858539,194535,286667,0,0,0
0,266,260,260,0.832491,191878,32566.8,199091,694876,848743,199734,279586,0,0,0
0,266,261,261,0.839322,192078,34050.3,197762,695470,840696,198476,281294,0,0,0
0,266,262,262,0.870876,192563,31996.5,199181,690598,845860,199785,284025,0,0,0
0,266,263,263,0.810219,192550,32631.3,199159,688436,843064,204721,284545,0,0,0
0,266,264,264,0.801499,192519,32947.7,197303,691133,851277,204752,283363,0,0,0
0,266,266,266,0.823117,192545,33679.7,199818,687976,843347,198155,277745,0,0,0
0,266,267,267,0.880337,192199,32231,200155,740763,872181,199435,279189,0,0,0
0,266,268,268,0.886537,192713,32912.9,198078,685085,838607,196730,278589,0,0,0
0,266,269,269,0.867471,191885,32706.9,196712,693658,844748,199574,283424,0,0,0
0,266,270,270,0.831674,192151,32105.1,197605,690835,833504,198945,276314,0,0,0
0,266,271,271,0.824435,192247,32826.7,198954,686791,829891,192920,277619,0,0,0
0,266,272,272,0.848841,192683,31808.9,198330,789890,904926,197024,281713,0,0,0
0,266,273,273,0.899136,191829,30898.4,198043,687315,917271,192490,301442,0,0,0
0,266,274,274,0.859585,192528,32519.9,198357,690023,847018,199365,282698,0,0,0
0,266,276,276,0.804663,192760,33203.2,196999,689154,832001,187251,286360,0,0,0
0,266,278,278,0.871455,192679,32003.9,196556,689905,875042,198704,289600,0,0,0
0,266,279,279,0.867135,192242,33360.3,197581,697444,837693,193811,279437,0,0,0
0,266,280,280,0.90692,191357,31836.9,198315,684962,837944,199452,278643,0,0,0
0,266,281,281,0.827529,192798,31519.2,198958,695780,922857,202374,305815,0,0,0
0,266,282,282,0.883698,191982,33825.2,197081,693906,839683,196199,280584,0,0,0
0,266,284,284,0.872497,192499,32229.5,198544,692930,842074,196070,280446,0,0,0
0,266,285,285,0.835855,192484,31504.2,199613,689995,850149,199676,282380,0,0,0
0,266,286,286,0.858203,192816,31783.9,198644,688458,865113,194655,281250,0,0,0
0,266,287,287,0.751854,192765,33534.2,198656,693242,852184,211880,285551,0,0,0
0,266,288,288,0.842333,191315,31553,196071,696846,1.04074e+06,207113,341816,0,0,0
0,266,290,290,0.796043,192694,32488.4,198275,686518,993933,202398,327966,0,0,0
0,266,292,292,0.828005,192310,32915.9,198923,686685,836611,200670,280566,0,0,0
0,266,293,293,0.782952,192109,33355.6,199043,690268,843427,207326,283064,0,0,0
0,266,294,294,0.796783,192585,32841.4,197725,696299,865963,209942,286307,0,0,0
0,266,295,295,0.85204,191800,33202.8,197599,714090,1.14977e+06,199580,374537,0,0,0
0,266,296,296,0.860587,191859,31969.5,196329,700968,844846,200446,282770,0,0,0
0,266,297,297,0.870432,192215,31949.9,199353,709123,841453,197165,278436,0,0,0
0,266,298,298,0.879997,192434,32021.3,198818,686926,901051,198481,299198,0,0,0
0,266,base,base,0.85377,192369,32604.4,198398,691524,843272,198779,281861,0,0,0
1,630,0,0,0.852053,192246,31731.3,198571,685242,843415,204575,282762,0,0,0
1,630,1,1,0.858701,192000,32551.6,196648,702573,843477,201001,281639,0,0,0
1,630,2,2,0.808774,192330,33250.6,196409,687859,831152,206611,284073,0,0,0
1,630,4,4,0.812941,192171,32471.4,196194,693398,896894,191610,293749,0,0,0
1,630,5,5,0.814558,191761,31964.1,197816,698660,863842,205979,284159,0,0,0
1,630,6,6,0.870225,191689,31914.7,198594,686968,837475,197420,276708,0,0,0
1,630,7,7,0.868701,192016,31780.7,196592,691535,857475,195962,273134,0,0,0
1,630,8,8,0.820052,192701,32780.4,197894,696327,847768,196591,276995,0,0,0
1,630,9,9,0.812012,192227,30593.8,197928,688363,839533,209229,280692,0,0,0
1,630,10,10,0.883401,192014,32203.7,196806,694305,845990,197719,284416,0,0,0
1,630,11,11,0.904559,191578,32275.4,198151,690792,835257,197457,280621,0,0,0
1,630,12,12,0.88131,192117,32093.9,196501,693803,836173,196242,281924,0,0,0
1,630,13,13,0.904433,192154,31962.8,196490,685923,844453,194774,279525,0,0,0
1,630,14,14,0.84956,192327,32794.3,197708,691916,837495,198625,282664,0,0,0
1,630,15,15,0.794723,191409,32317.9,196574,684631,851497,207377,279865,0,0,0
1,630,16,16,0.763714,191902,33130.4,196800,691354,853649,205512,275864,0,0,0
1,630,17,17,0.86138,192552,32774,199323,698859,847214,197239,282956,0,0,0
1,630,18,18,0.855346,192163,32735.4,197042,690484,835618,196553,280825,0,0,0
1,630,19,19,0.790361,191666,32707.7,197334,697832,840918,213697,281472,0,0,0
1,630,20,20,0.878581,191530,33294.8,197710,686457,845319,195055,282904,0,0,0
1,630,21,21,0.797147,192197,31754.1,196630,689053,846784,208829,279080,0,0,0
1,630,22,22,0.862951,192485,33450,198163,689447,845901,198678,280319,0,0,0
1,630,24,24,0.867598,192189,32795.1,197464,686773,834132,200650,282847,0,0,0
1,630,25,25,0.851083,192142,31938.3,195987,686386,830330,204428,277972,0,0,0
1,630,26,26,0.788528,192807,33337.6,197170,686375,846797,205123,284543,0,0,0
1,630,27,27,0.871405,191882,32631.5,196719,691094,840639,198699,281593,0,0,0
1,630,30,30,0.919335,191305,31758.2,196934,702272,841390,194936,274385,0,0,0
1,630,31,31,0.904472,191682,34696.6,199953,686451,834853,194671,281292,0,0,0
1,630,32,32,0.870591,192002,32399.5,197659,819064,924558,199729,280990,0,0,0
1,630,36,36,0.892886,191864,31641,197175,704461,845045,196053,280729,0,0,0
1,630,37,37,0.914932,192107,31168.6,196670,718685,852038,197036,278730,0,0,0
1,630,38,38,0.776699,191845,31720.3,199070,688158,853149,210011,286824,0,0,0
1,630,40,40,0.820551,192037,32824.2,196997,685546,864976,202627,285570,0,0,0
1,630,41,41,0.87882,191894,31396.7,196392,684504,836595,195881,278354,0,0,0
1,630,42,42,0.876858,191580,32343.9,198022,685247,831254,202346,285296,0,0,0
1,630,43,43,0.779926,191858,32012.7,197641,715211,862110,210363,283199,0,0,0
1,630,44,44,0.884538,192132,32604.4,198017,687085,842612,194714,280883,0,0,0
1,630,45,45,0.872199,192304,32263,199061,692269,843463,198779,278666,0,0,0
1,630,47,47,0.895274,192356,32852.5,197710,684430,835855,201021,282450,0,0,0
1,630,50,50,0.816435,192137,32309.8,196274,685525,848000,201334,285106,0,0,0
1,630,51,51,0.854649,192604,32774.1,196736,685934,847946,198739,279341,0,0,0
1,630,52,52,0.800074,191812,32283.4,198574,686136,846689,209554,284888,0,0,0
1,630,53,53,0.813057,192228,31574.8,198442,692114,843463,210789,283546,0,0,0
1,630,54,54,0.808543,192399,30787.9,197778,687354,843213,209347,283206,0,0,0
1,630,56,56,0.869985,192335,31100.1,196797,686783,838336,197674,281227,0,0,0
1,630,57,57,0.844468,191769,31667.8,196443,693408,842965,200475,279855,0,0,0
1,630,58,58,0.852554,192051,32520.8,197212,692331,840015,199748,282955,0,0,0
1,630,60,60,0.797859,192509,32024.2,197828,686311,1.07567e+06,208416,355157,0,0,0
1,630,62,62,0.887143,192080,32542.2,197641,685052,837850,198402,281837,0,0,0
1,630,63,63,0.84625,191048,31611.5,197072,691352,837457,202556,286190,0,0,0
1,630,64,64,0.876864,192177,33144.6,196897,690655,846708,199925,284934,0,0,0
1,630,65,65,0.912505,192302,31566.5,194642,687354,836968,194596,280781,0,0,0
1,630,66,66,0.769424,192397,32963.4,197407,686259,841128,206860,282639,0,0,0
1,630,67,67,0.881935,191469,29747.3,196940,685890,835300,200526,283600,0,0,0
1,630,68,68,0.734985,192108,32328.3,198012,716575,862252,214921,283077,0,0,0
1,630,69,69,0.824816,192054,32074.3,197694,694870,847955,204828,278900,0,0,0
1,630,70,70,0.843116,192184,31557.7,198796,694613,843601,201868,280643,0,0,0
1,630,72,72,0.861973,192989,32285.9,198502,685154,844046,199984,279313,0,0,0
1,630,75,75,0.909785,191232,31375.4,196004,686412,834070,196093,278039,0,0,0
1,630,76,76,0.861546,192260,31929,197063,689393,854852,202791,280583,0,0,0
1,630,78,78,0.839136,191848,33712.1,197009,702060,838986,198011,279927,0,0,0
1,630,80,80,0.802744,191972,32730.2,194076,708062,849555,205922,280223,0,0,0
1,630,81,81,0.873164,192239,32322.6,195574,687334,847576,200678,280981,0,0,0
1,630,82,82,0.848838,193034,32576.5,197641,683429,833757,204252,282501,0,0,0
1,630,84,84,0.8966,191729,32419.3,198517,687175,840485,198410,278186,0,0,0
1,630,86,86,0.832908,192250,32962.3,196071,690090,845317,200052,282401,0,0,0
1,630,87,87,0.834506,192329,31836.1,197035,688397,846633,203193,280322,0,0,0
1,630,88,88,0.917811,191828,32135.8,197015,692213,839983,195508,278988,0,0,0
1,630,89,89,0.805572,191907,30809.9,199187,685261,846968,210645,284559,0,0,0
1,630,90,90,0.800455,192319,31936.4,197140,687987,836401,208135,283467,0,0,0
1,630,91,91,0.880493,192044,31778.8,197057,688015,859786,196322,282609,0,0,0
1,630,92,92,0.842952,191990,32127.8,197133,686490,853587,199763,282516,0,0,0
1,630,93,93,0.845755,191770,31075.9,197667,685516,843255,202668,284238,0,0,0
1,630,94,94,0.843391,192696,32728.9,199659,689967,837017,202222,279664,0,0,0
1,630,95,95,0.885699,191798,32272.2,198508,684981,833392,197811,278484,0,0,0
1,630,97,97,0.886834,192361,31803.3,197568,689556,838560,192090,280343,0,0,0
1,630,98,98,0.848232,192264,31312.4,199415,688567,975228,202520,318309,0,0,0
1,630,100,100,0.896188,191826,31143.3,197658,699111,895794,197024,288937,0,0,0
1,630,101,101,0.853401,191904,32091.6,196706,685581,830487,197109,276461,0,0,0
1,630,102,102,0.831125,192777,31846.7,197695,689037,854218,202407,278760,0,0,0
1,630,103,103,0.862214,192038,32770.8,197959,690318,842857,195890,279301,0,0,0
1,630,104,104,0.85825,192560,32098.8,197084,690091,836032,191862,276549,0,0,0
1,630,105,105,0.843057,192071,31934.9,195274,687805,832053,201942,280614,0,0,0
1,630,107,107,0.872894,192515,31557.1,198657,689156,839797,199669,281857,0,0,0
1,630,108,108,0.860779,192183,33076.9,196459,685712,846594,197392,285508,0,0,0
1,630,109,109,0.819107,192241,31853.4,195877,686922,837489,202231,279223,0,0,0
1,630,111,111,0.852008,192199,31195,197467,690966,831978,197182,279034,0,0,0
1,630,112,112,0.843256,192568,33374.8,198886,688296,841992,197550,279038,0,0,0
1,630,113,113,0.921987,192491,32853.4,199544,690311,840384,196739,280450,0,0,0
1,630,114,114,0.854946,192038,32701.7,198299,686711,835157,199879,285723,0,0,0
1,630,116,116,0.859458,192747,30938.5,196031,694972,848374,203049,279216,0,0,0
1,630,117,117,0.806053,192709,32300.1,199102,685973,844638,205274,280527,0,0,0
1,630,118,118,0.924163,191639,31609.4,197189,687167,835369,196240,280453,0,0,0
1,630,119,119,0.872766,192832,32018.6,196946,688516,832894,196500,282850,0,0,0
1,630,120,120,0.854192,191842,32027.3,196889,689232,838139,203664,279017,0,0,0
1,630,122,122,0.894628,192099,33206.7,195902,688233,835788,195514,277510,0,0,0
1,630,123,123,0.860494,192838,31993.2,200727,776016,895315,199890,279476,0,0,0
1,630,124,124,0.892534,192253,32124.2,198580,699315,847572,195290,276653,0,0,0
1,630,125,125,0.847396,191754,32682.9,198632,702338,840099,193717,277868,0,0,0
1,630,126,126,0.88555,192158,32066.6,196421,686690,840738,194955,278079,0,0,0
1,630,127,127,0.856165,191482,33219,197500,689692,838776,193520,276294,0,0,0
1,630,128,128,0.897422,192259,32575.6,197190,687681,838541,198684,281668,0,0,0
1,630,129,129,0.793551,192112,32123.1,197836,689234,983841,204377,321233,0,0,0
1,630,130,130,0.856751,191706,32224.1,196498,686058,841518,202645,283962,0,0,0
1,630,131,131,0.886746,191426,31670.6,197093,685703,833968,201672,283677,0,0,0
1,630,132,132,0.870926,192388,32784.5,195844,685244,846553,198186,285869,0,0,0
1,630,133,133,0.784673,192688,31499.5,197442,688969,847176,204781,278227,0,0,0
1,630,134,134,0.837626,191643,30990,199999,686817,856190,202623,280720,0,0,0
1,630,135,135,0.849337,192960,30887.6,198738,694027,839179,197908,279033,0,0,0
1,630,136,136,0.885165,192117,31535.2,196727,687120,843907,197358,281103,0,0,0
1,630,137,137,0.84451,192043,32005.2,197789,688770,843636,204707,285316,0,0,0
1,630,139,139,0.869475,192643,32272.8,199256,693602,831064,196035,275544,0,0,0
1,630,140,140,0.853777,191476,33174.2,197120,683947,834714,194888,281844,0,0,0
1,630,143,143,0.881377,192324,33562.1,195515,686174,828579,195151,276248,0,0,0
1,630,144,144,0.795504,191431,32430,197412,719704,924761,205550,291188,0,0,0
1,630,145,145,0.862172,192863,32512.2,197940,688620,836828,198007,281567,0,0,0
1,630,147,147,0.896501,192231,31715.8,198827,686400,832586,197987,277342,0,0,0
1,630,148,148,0.7909,192033,31987.1,196005,696528,850237,205305,279683,0,0,0
1,630,149,149,0.848797,192666,32942.7,198332,686179,827119,195579,279147,0,0,0
1,630,150,150,0.795487,192603,31663.5,199062,759085,887411,205641,278458,0,0,0
1,630,151,151,0.847213,192046,32912,196613,685282,842810,202835,283744,0,0,0
1,630,152,152,0.884814,192479,30942.6,199634,716683,852310,200293,281735,0,0,0
1,630,154,154,0.912882,191447,31744.1,197548,695410,842119,195645,279688,0,0,0
1,630,156,156,0.737923,192103,32214.5,197647,687849,859415,214501,287628,0,0,0
1,630,157,157,0.799581,191787,33651.7,197499,695969,844252,204187,281273,0,0,0
1,630,160,160,0.893097,191751,31339.9,197279,697924,848154,193316,275207,0,0,0
1,630,161,161,0.92393,192214,31330.2,196007,688050,840728,196267,279336,0,0,0
1,630,162,162,0.90948,191562,31902.7,197437,694336,842941,192955,281196,0,0,0
1,630,163,163,0.905013,191038,31398.9,196205,686164,845219,199421,280643,0,0,0
1,630,164,164,0.843184,192116,32278,198527,689668,835678,199535,283193,0,0,0
1,630,165,165,0.886364,191805,33562.9,198062,686358,839355,196843,278683,0,0,0
1,630,166,166,0.853648,191874,32434.8,197638,784631,894150,199580,284782,0,0,0
1,630,168,168,0.809026,192240,32320.4,196868,691511,833585,204325,284005,0,0,0
1,630,169,169,0.826487,192159,32232,196465,692541,928677,205903,307777,0,0,0
1,630,171,171,0.787917,192053,32689.8,197059,693445,847447,209040,281074,0,0,0
1,630,172,172,0.812354,192098,31270.1,197786,691482,846205,206368,277999,0,0,0
1,630,173,173,0.865414,192252,31673.5,198156,689290,833494,198658,279910,0,0,0
1,630,174,174,0.87705,192760,31686.9,197013,687279,832227,195995,280777,0,0,0
1,630,175,175,0.813726,192254,32598.6,198944,686356,851365,206829,281523,0,0,0
1,630,176,176,0.766134,191830,32876.5,197684,800442,922298,207957,279855,0,0,0
1,630,177,177,0.840954,192497,30403.5,198147,689952,976097,205755,316660,0,0,0
1,630,178,178,0.855562,192169,32382.6,196949,686984,850154,200338,275341,0,0,0
1,630,179,179,0.904493,192329,32690.1,197271,686094,832849,191777,274078,0,0,0
1,630,180,180,0.867105,192212,32837.1,197323,687560,841803,198273,281583,0,0,0
1,630,181,181,0.871427,191792,31985.4,197266,688208,836605,201087,279358,0,0,0
1,630,184,184,0.766289,192425,31413.9,197098,785632,909146,212284,281935,0,0,0
1,630,186,186,0.83666,192356,32368.9,197238,687675,931425,201781,307524,0,0,0
1,630,187,187,0.860986,192471,31858.2,198141,713351,854533,198736,284422,0,0,0
1,630,188,188,0.877641,191789,31886.5,198588,683655,838849,195999,281148,0,0,0
1,630,189,189,0.855828,191526,32923.6,196441,686407,832644,197665,279467,0,0,0
1,630,190,190,0.883768,192113,33444.3,197851,686783,841051,196157,275474,0,0,0
1,630,191,191,0.874465,191712,31604.2,198254,709227,845211,202269,283745,0,0,0
1,630,192,192,0.834042,192473,31457.9,198730,701818,846166,201847,283060,0,0,0
1,630,193,193,0.81373,191737,30732.1,198937,703325,850861,201815,281541,0,0,0
1,630,194,194,0.814292,192387,34046.2,198412,687185,841064,202795,281882,0,0,0
1,630,196,196,0.850388,192403,32274.2,197941,688561,837196,196519,282627,0,0,0
1,630,197,197,0.825505,192101,33112.6,196843,688529,843290,203847,280337,0,0,0
1,630,198,198,0.859263,193199,32185.4,199293,686250,834916,194482,282833,0,0,0
1,630,200,200,0.820941,192223,33089.3,197965,692069,837651,199848,280670,0,0,0
1,630,201,201,0.839525,191519,33530.8,196917,692536,848085,198204,279951,0,0,0
1,630,202,202,0.79176,192665,31969.3,197902,697381,845433,206983,284386,0,0,0
1,630,203,203,0.874399,192421,31522,198015,691783,939690,198528,313092,0,0,0
1,630,204,204,0.853946,191406,32927,195432,692792,843339,202449,280276,0,0,0
1,630,205,205,0.854613,192462,31057.8,199328,695909,854262,204164,279162,0,0,0
1,630,206,206,0.898126,192655,32510.8,199015,695735,836029,200172,279038,0,0,0
1,630,207,207,0.892824,192122,31602,197443,684266,846937,196088,284115,0,0,0
1,630,208,208,0.885634,192333,34207.7,197688,713984,840576,196400,283339,0,0,0
1,630,209,209,0.791147,191931,32153.3,197820,688135,853416,209374,280892,0,0,0
1,630,210,210,0.877095,191353,32644,196329,683488,845580,197726,282936,0,0,0
1,630,211,211,0.778165,192347,33548.2,196465,689068,842130,212177,283509,0,0,0
1,630,212,212,0.90125,192031,31157.7,197791,685935,841058,190164,274654,0,0,0
1,630,213,213,0.791599,191697,33657.8,195800,691156,850319,205877,279539,0,0,0
1,630,214,214,0.855046,191865,31628.9,196819,683894,843723,202212,285996,0,0,0
1,630,215,215,0.901546,192351,31402,197272,698255,846293,193494,279363,0,0,0
1,630,216,216,0.86536,191790,32703.6,197304,688687,843364,194802,277190,0,0,0
1,630,217,217,0.852545,191795,32417.6,197394,691698,835851,197997,275767,0,0,0
1,630,218,218,0.867365,192194,31417,198448,690857,833968,200542,281834,0,0,0
1,630,219,219,0.869075,191791,30826.7,196997,692699,879306,199778,288645,0,0,0
1,630,223,223,0.940069,192369,31146.3,199219,689640,883018,193571,283965,0,0,0
1,630,224,224,0.864515,191958,31541.5,197405,685998,836170,196809,277935,0,0,0
1,630,225,225,0.801906,192105,33308.5,196804,689592,843133,209280,283687,0,0,0
1,630,226,226,0.798361,192258,32689.8,198133,694277,853816,205533,281504,0,0,0
1,630,227,227,0.870575,192053,31431.6,197672,723296,852404,198496,278329,0,0,0
1,630,229,229,0.887591,192570,33107.3,199005,686257,839546,198670,283215,0,0,0
1,630,230,230,0.807592,192067,31421.3,196801,689058,844844,208547,278219,0,0,0
1,630,231,231,0.877121,192152,33158.4,196802,684744,853786,196371,285868,0,0,0
1,630,232,232,0.794572,192351,31789.9,197947,690477,845825,214716,279810,0,0,0
1,630,233,233,0.84717,192213,31400.8,198816,698371,869745,198469,283836,0,0,0
1,630,235,235,0.885729,192968,32712.3,197720,690626,957206,193932,313338,0,0,0
1,630,237,237,0.860992,191470,32269,198080,693726,834517,203762,281701,0,0,0
1,630,239,239,0.839545,192314,32517,197496,682960,859463,199885,282547,0,0,0
1,630,241,241,0.856067,192282,32706.3,198478,696335,836286,201661,285508,0,0,0
1,630,243,243,0.825168,192984,31218,197750,704436,849992,205544,283772,0,0,0
1,630,244,244,0.872844,192548,32556.1,196114,687499,838994,202407,285075,0,0,0
1,630,245,245,0.794608,192041,32133.6,196850,689644,841854,207378,282517,0,0,0
1,630,247,247,0.803633,192660,31147.1,197978,688358,844152,208956,278403,0,0,0
1,630,248,248,0.846814,192010,32924.7,197796,698758,839321,196522,276936,0,0,0
1,630,249,249,0.890998,192423,31936.3,198197,686123,842270,191602,280436,0,0,0
1,630,250,250,0.83814,191541,32589.7,196208,684960,848529,199861,282336,0,0,0
1,630,252,252,0.866861,192103,32540.5,196460,690067,853773,200028,286158,0,0,0
1,630,254,254,0.809742,192882,33374.2,198032,686491,829489,196532,276599,0,0,0
1,630,255,255,0.903629,191501,31410.2,194441,683202,888565,198373,296296,0,0,0
1,630,256,256,0.854244,192000,31486.1,196478,701881,841584,199922,277528,0,0,0
1,630,257,257,0.817776,192288,32663.9,197604,694410,846461,208730,281439,0,0,0
1,630,258,258,0.871501,192254,31168.7,197856,692845,845006,197820,278942,0,0,0
1,630,259,259,0.80068,192369,32816.5,196237,684017,859536,202290,281126,0,0,0
1,630,260,260,0.848987,191461,32269,198710,701702,858080,198420,276839,0,0,0
1,630,261,261,0.875711,191764,33637.2,197177,686721,836643,198645,282814,0,0,0
1,630,262,262,0.864139,192198,31565.1,198638,688781,836806,198822,281161,0,0,0
1,630,263,263,0.789282,192300,32194.3,198784,688997,853758,209057,284766,0,0,0
1,630,264,264,0.828719,192380,32816.3,196824,687226,847592,201762,279431,0,0,0
1,630,266,266,0.80784,192268,33235.5,198990,686131,849649,201127,277176,0,0,0
1,630,267,267,0.912758,191886,32072.4,200062,691133,837765,197924,276760,0,0,0
1,630,268,268,0.89175,192165,32636.8,196924,742997,864790,199268,277378,0,0,0
1,630,269,269,0.849184,191594,32359.4,196809,684837,835602,203878,282284,0,0,0
1,630,270,270,0.871366,191854,31732.3,196867,686322,962306,200166,317879,0,0,0
1,630,272,272,0.791976,192706,31732,197752,687128,851956,205996,283938,0,0,0
1,630,273,273,0.813666,191661,30864.5,197997,707174,845409,206663,279308,0,0,0
1,630,274,274,0.778173,192148,32069.7,197788,731565,859476,206672,277258,0,0,0
1,630,276,276,0.847578,192288,32439.3,196768,693697,839235,202256,280055,0,0,0
1,630,278,278,0.88861,192345,31394.2,196142,694260,834771,198807,277950,0,0,0
1,630,279,279,0.889531,192053,33087.9,197384,689919,836157,194043,280189,0,0,0
1,630,280,280,0.918204,191145,31611.2,198071,683674,830866,201248,281429,0,0,0
1,630,281,281,0.883214,192402,31412.1,198101,689943,853118,197722,286580,0,0,0
1,630,282,282,0.869949,191710,33704.3,196473,724733,875190,197319,281834,0,0,0
1,630,285,285,0.780806,192172,31188.2,199094,700422,854114,207210,276801,0,0,0
1,630,286,286,0.84028,192648,31369.6,197870,687868,850463,201909,278484,0,0,0
1,630,287,287,0.815881,192369,33252.4,198574,687651,838373,206034,284592,0,0,0
1,630,288,288,0.821454,191093,31150.5,195367,695827,839249,205892,276913,0,0,0
1,630,290,290,0.854034,192427,32133.1,197825,687252,831302,201548,285728,0,0,0
1,630,292,292,0.879025,192137,32041.2,198320,692189,1.01832e+06,196005,332894,0,0,0
1,630,293,293,0.821687,191772,32970.6,198159,689263,836935,198379,279703,0,0,0
1,630,294,294,0.817781,192381,32613.4,197565,695229,844554,207764,281093,0,0,0
1,630,295,295,0.82989,191419,32876,197303,702919,857158,204735,281994,0,0,0
1,630,296,296,0.884869,191486,31609.2,195861,693949,844645,197941,278440,0,0,0
1,630,297,297,0.841413,192048,31572.3,198994,691075,833039,202765,280213,0,0,0
1,630,298,298,0.798489,192336,31287.4,198179,688167,852417,209148,282359,0,0,0
1,630,base,base,0.867113,192084,32299,197866,688434,834264,195462,278175,0,0,0
2,1019,0,0,0.861333,192196,31846.8,198569,685753,841819,203611,282333,0,0,0
2,1019,1,1,0.860265,191943,32694.8,196648,707815,845413,200583,281224,0,0,0
2,1019,2,2,0.83517,192239,33421.9,196174,687340,836885,205011,286817,0,0,0
2,1019,4,4,0.83402,192099,32669,195642,691604,917392,194298,301495,0,0,0
2,1019,5,5,0.824429,191717,32120.2,197260,697251,843498,204916,279221,0,0,0
2,1019,6,6,0.875022,191631,32063.3,198478,686127,836676,198084,277337,0,0,0
2,1019,7,7,0.879567,192007,31787.1,196387,690853,864243,193733,274303,0,0,0
2,1019,8,8,0.839671,192665,32925.3,197780,695455,848606,196094,277992,0,0,0
2,1019,9,9,0.813134,192198,30708.9,197866,687768,863215,209188,286927,0,0,0
2,1019,10,10,0.884248,191929,32404.1,196718,693157,834283,197182,282366,0,0,0
2,1019,11,11,0.90617,191565,32348.2,198135,689692,851739,196801,286524,0,0,0
2,1019,12,12,0.883241,192027,32254.8,196349,699030,839522,196553,282986,0,0,0
2,1019,13,13,0.90907,192126,32052.5,196371,685390,842035,193972,278809,0,0,0
2,1019,14,14,0.859085,192363,32910.3,197387,688678,830987,196987,281994,0,0,0
2,1019,15,15,0.796581,191350,32368.3,196416,684713,853822,207776,280098,0,0,0
2,1019,16,16,0.773509,191877,33234.7,196677,690266,874698,209899,283687,0,0,0
2,1019,17,17,0.875575,192490,32927,199303,707906,848445,196123,282916,0,0,0
2,1019,18,18,0.85889,192101,32935.2,196939,690007,838920,197199,282915,0,0,0
2,1019,19,19,0.783973,191615,32863.1,197349,711707,850829,215146,282294,0,0,0
2,1019,20,20,0.880057,191515,33430.5,197605,685277,854579,195330,286287,0,0,0
2,1019,21,21,0.815139,192127,31898.1,196351,687856,843621,206455,278977,0,0,0
2,1019,22,22,0.877085,192424,33623.1,198086,687733,838026,197337,279258,0,0,0
2,1019,24,24,0.877517,192163,32876.1,197401,686491,832673,199757,283218,0,0,0
2,1019,25,25,0.863678,192103,32040.3,195843,685371,842694,205375,282754,0,0,0
2,1019,26,26,0.799461,192775,33475.9,197008,685894,837191,203066,282623,0,0,0
2,1019,27,27,0.863883,191863,32643.3,196669,692701,835044,196950,278666,0,0,0
2,1019,30,30,0.921275,191263,31894.5,196840,708949,842284,193049,272903,0,0,0
2,1019,31,31,0.903319,191651,34830.9,199837,685033,831452,194978,282082,0,0,0
2,1019,32,32,0.877779,191942,32542.8,197559,802873,911307,199719,281803,0,0,0
2,1019,36,36,0.894803,191817,31756.3,197160,711677,881168,195722,290326,0,0,0
2,1019,37,37,0.917721,192058,31379.4,196581,725496,859361,198158,280389,0,0,0
2,1019,38,38,0.784279,191827,31791.7,198998,687541,838460,203754,281656,0,0,0
2,1019,40,40,0.838455,191988,32966.6,196947,685406,854104,205625,285159,0,0,0
2,1019,42,42,0.880526,191541,32501.2,197844,684792,838893,202653,288172,0,0,0
2,1019,43,43,0.784904,191791,32190.6,197604,727773,867433,208559,282552,0,0,0
2,1019,44,44,0.88653,192113,32662.1,197847,688028,834473,192389,278062,0,0,0
2,1019,45,45,0.881494,192266,32315.9,199030,691763,839569,197217,277473,0,0,0
2,1019,50,50,0.827747,192130,32345.8,196018,686333,869881,199836,291018,0,0,0
2,1019,51,51,0.867585,192564,32848.4,196541,685659,846703,195493,278276,0,0,0
2,1019,52,52,0.809115,191777,32382.1,198433,686158,851882,209152,287037,0,0,0
2,1019,53,53,0.824715,192206,31692.9,198308,690832,848306,209992,286114,0,0,0
2,1019,57,57,0.847204,191751,31740.2,196440,695592,956630,200030,312417,0,0,0
2,1019,58,58,0.856999,191985,32649.6,197089,694805,840292,199466,283333,0,0,0
2,1019,60,60,0.817618,192499,32217.4,197534,686731,1.06972e+06,205243,353072,0,0,0
2,1019,62,62,0.896166,192062,32668.6,197551,685105,833891,196735,281033,0,0,0
2,1019,63,63,0.858034,190993,31786.4,196973,691316,836130,201486,286542,0,0,0
2,1019,64,64,0.877668,192114,33332.8,196708,689648,837454,200085,283623,0,0,0
2,1019,65,65,0.915202,192268,31682.5,194374,687490,843134,194498,282636,0,0,0
2,1019,67,67,0.890358,191409,29957.2,196846,685312,830022,199332,283291,0,0,0
2,1019,68,68,0.743297,192039,32495.4,197945,732933,865265,211666,280871,0,0,0
2,1019,69,69,0.822868,192020,32168.7,197607,694495,850714,205004,279392,0,0,0
2,1019,70,70,0.846148,192149,31669.8,198723,697493,845066,200923,280526,0,0,0
2,1019,72,72,0.866117,192953,32394.7,197937,685114,840885,199561,278473,0,0,0
2,1019,75,75,0.913008,191206,31495.2,195785,686232,837574,197184,279999,0,0,0
2,1019,76,76,0.876741,192225,32008.1,196972,688959,859244,201937,283014,0,0,0
2,1019,78,78,0.841774,191758,33864.8,196842,700791,837191,198024,280232,0,0,0
2,1019,80,80,0.790293,191951,32776.1,194059,712145,856002,207360,280780,0,0,0
2,1019,81,81,0.892871,192226,32482.9,195322,685972,836346,199105,278863,0,0,0
2,1019,82,82,0.858973,192988,32707,197539,683257,832023,201890,281799,0,0,0
2,1019,84,84,0.902381,191696,32499.6,198392,686818,857835,197319,283189,0,0,0
2,1019,86,86,0.84357,192215,33050.9,195987,689678,850853,198511,283775,0,0,0
2,1019,87,87,0.845143,192319,31958.1,196876,687812,843166,198949,278365,0,0,0
2,1019,88,88,0.920604,191743,32232.8,196938,694500,836051,193608,277165,0,0,0
2,1019,89,89,0.806867,191897,30970.3,199089,685069,848411,209022,284342,0,0,0
2,1019,90,90,0.813737,192286,32037.1,196963,686858,835478,206114,284089,0,0,0
2,1019,91,91,0.886146,192013,31825.3,196955,687558,839299,192311,275955,0,0,0
2,1019,92,92,0.857305,191963,32223.2,197031,686004,843342,198411,279915,0,0,0
2,1019,93,93,0.871986,191777,31169.3,197345,685043,818505,189463,274793,0,0,0
2,1019,94,94,0.852817,192684,32826.7,199598,688540,841524,200958,281535,0,0,0
2,1019,95,95,0.887269,191768,32438.2,198369,684582,837962,198952,280703,0,0,0
2,1019,97,97,0.887214,192338,31923.1,197334,688143,912908,196224,303321,0,0,0
2,1019,98,98,0.857524,192264,31375.7,199332,687825,843223,200897,277962,0,0,0
2,1019,100,100,0.896318,191808,31151.6,197553,699333,892772,196575,287087,0,0,0
2,1019,101,101,0.858626,191879,32123.2,196622,685640,830158,197577,276681,0,0,0
2,1019,102,102,0.826807,192749,31926.4,197655,690722,851962,202818,277144,0,0,0
2,1019,103,103,0.870012,191987,32879.6,197874,689854,848876,195091,281027,0,0,0
2,1019,104,104,0.860162,192539,32225.8,196882,689011,837223,198510,280233,0,0,0
2,1019,105,105,0.858645,192026,32046.6,195172,687354,909794,202700,304400,0,0,0
2,1019,107,107,0.88492,192460,31673.5,198643,690113,832810,198062,280222,0,0,0
2,1019,108,108,0.867762,192169,33136.8,196338,685232,843159,196484,284407,0,0,0
2,1019,109,109,0.829978,192191,31978.5,195785,686805,847832,203030,282556,0,0,0
2,1019,111,111,0.86846,192170,31303.9,197277,690140,834205,198743,281498,0,0,0
2,1019,114,114,0.855649,192051,32849.5,198034,685282,832826,200233,286676,0,0,0
2,1019,116,116,0.869907,192668,30999.3,195904,697588,849421,201410,278523,0,0,0
2,1019,117,117,0.825669,192708,32389.1,198950,686087,846192,203934,282503,0,0,0
2,1019,118,118,0.925,191603,31745,197040,686473,834569,196930,281389,0,0,0
2,1019,119,119,0.876848,192783,32082.3,196828,688412,829619,199418,283636,0,0,0
2,1019,120,120,0.878207,191783,32131.6,196811,688007,838536,201348,279549,0,0,0
2,1019,122,122,0.907876,192068,33237,195825,688425,838112,195409,278269,0,0,0
2,1019,123,123,0.866187,192805,32105.2,200642,756669,874363,197375,277531,0,0,0
2,1019,124,124,0.896769,192176,32279.2,198599,713893,858793,195314,277847,0,0,0
2,1019,125,125,0.851237,191697,32817.3,198585,702719,948580,196537,310865,0,0,0
2,1019,126,126,0.887285,192147,32165.5,196278,686637,894883,194407,293402,0,0,0
2,1019,127,127,0.860766,191424,33383.8,197438,690774,837241,194840,277136,0,0,0
2,1019,128,128,0.900436,192226,32746.4,196980,686113,831633,196526,280361,0,0,0
2,1019,129,129,0.799125,192076,32238.9,197760,690729,923956,199113,301200,0,0,0
2,1019,130,130,0.854778,191696,32437.3,196337,686259,834962,202552,283183,0,0,0
2,1019,131,131,0.886808,191363,31852.3,196992,685504,833945,202478,285275,0,0,0
2,1019,132,132,0.880884,192384,32886.2,195600,684475,842511,198188,285492,0,0,0
2,1019,133,133,0.796122,192658,31673.2,197353,688363,852856,206989,281321,0,0,0
2,1019,134,134,0.853827,191577,31073.5,199898,686117,850910,200682,280042,0,0,0
2,1019,135,135,0.871877,192931,30996.7,198614,692871,842810,196829,281366,0,0,0
2,1019,136,136,0.887752,192080,31660,196527,686544,837058,197296,280251,0,0,0
2,1019,137,137,0.863962,192022,32188.6,197603,687207,839003,201913,284696,0,0,0
2,1019,139,139,0.872349,192609,32459.6,199141,692362,836003,198526,278813,0,0,0
2,1019,140,140,0.860513,191477,33304,196817,684979,839012,195783,283905,0,0,0
2,1019,143,143,0.884344,192320,33714.4,195205,685194,838810,199987,281659,0,0,0
2,1019,144,144,0.797473,191392,32461.1,197373,719420,1.15161e+06,199658,366195,0,0,0
2,1019,145,145,0.866012,192793,32612.7,197832,689071,838054,197593,281953,0,0,0
2,1019,147,147,0.903657,192165,31929.6,198117,685863,830849,198820,278548,0,0,0
2,1019,148,148,0.792652,191966,32173.7,195867,696747,847590,204943,279340,0,0,0
2,1019,149,149,0.850685,192660,33114.1,198183,685807,827234,197558,281244,0,0,0
2,1019,150,150,0.802314,192536,31810.5,199025,783994,904670,204967,278580,0,0,0
2,1019,151,151,0.861421,191997,33028.1,196408,685273,850765,200498,285507,0,0,0
2,1019,152,152,0.896732,192449,31043.7,199606,719376,856384,199657,282792,0,0,0
2,1019,154,154,0.913833,191356,31929.9,197349,702501,841961,196097,279566,0,0,0
2,1019,156,156,0.757974,192022,32418.9,197537,687898,836378,212111,282131,0,0,0
2,1019,157,157,0.815334,191720,33809.5,197443,698358,838300,200076,278810,0,0,0
2,1019,160,160,0.905002,191688,31501.5,197270,703206,853130,192047,275739,0,0,0
2,1019,161,161,0.926448,192191,31404.6,195834,687472,834386,194220,277541,0,0,0
2,1019,162,162,0.910902,191509,32016,197436,709212,893964,194188,294513,0,0,0
2,1019,163,163,0.908392,190999,31623.7,195817,685065,849248,198955,282977,0,0,0
2,1019,164,164,0.843827,192060,32386.2,198377,689428,833095,196531,281769,0,0,0
2,1019,166,166,0.858109,191831,32594.6,197476,746179,859364,200448,284883,0,0,0
2,1019,168,168,0.827109,192213,32462.4,196730,690051,832535,202702,284837,0,0,0
2,1019,171,171,0.810957,192015,32829.7,196805,690924,846450,206905,282533,0,0,0
2,1019,172,172,0.820437,192059,31299.7,197692,690165,848734,207145,278963,0,0,0
2,1019,173,173,0.869848,192189,31861.1,198032,687876,834047,199409,281200,0,0,0
2,1019,174,174,0.883196,192705,31873,196828,686260,841386,195231,283713,0,0,0
2,1019,175,175,0.82948,192191,32755.4,198912,686523,860160,205447,284529,0,0,0
2,1019,176,176,0.789346,191832,32956.3,197530,712033,890748,205795,289732,0,0,0
2,1019,177,177,0.842328,192491,30521,198102,689220,883845,207987,289242,0,0,0
2,1019,178,178,0.856358,192148,32449,196863,686437,856519,196365,275397,0,0,0
2,1019,179,179,0.907416,192259,32874.3,196821,687736,840714,196113,277710,0,0,0
2,1019,180,180,0.879405,192205,33013,197241,686630,840993,197059,282138,0,0,0
2,1019,181,181,0.886799,191749,32126.9,197152,687712,835012,199750,279283,0,0,0
2,1019,184,184,0.773577,192394,31630.7,196530,763521,883930,209805,279691,0,0,0
2,1019,186,186,0.84788,192349,32417.1,197091,687454,863362,199560,286246,0,0,0
2,1019,187,187,0.862151,192363,32107.3,198032,721893,847578,198046,282218,0,0,0
2,1019,188,188,0.87875,191764,32004.6,198303,683049,829364,194141,279513,0,0,0
2,1019,189,189,0.857242,191449,33020.7,196188,687125,839604,198442,281999,0,0,0
2,1019,190,190,0.88595,192073,33574.4,197709,686334,842974,197991,277322,0,0,0
2,1019,191,191,0.880918,191682,31780.7,198199,710573,857822,200908,287794,0,0,0
2,1019,192,192,0.849001,192412,31618.6,198587,709361,852605,200766,284689,0,0,0
2,1019,193,193,0.836045,191683,30868.5,198843,706466,853322,199183,282413,0,0,0
2,1019,194,194,0.835221,192352,34201.2,198287,686589,837623,198864,280721,0,0,0
2,1019,196,196,0.859232,192364,32392.2,197752,687801,885963,195726,296374,0,0,0
2,1019,197,197,0.833556,192021,33269.2,196855,696414,846783,202572,280546,0,0,0
2,1019,198,198,0.863415,193185,32216.7,199168,685840,835221,196057,283849,0,0,0
2,1019,200,200,0.825833,192190,33128.7,197903,691843,842092,198605,280993,0,0,0
2,1019,201,201,0.848681,191472,33567.8,196646,690858,849419,197718,280798,0,0,0
2,1019,202,202,0.807275,192615,32079.7,197829,698817,841232,205037,283507,0,0,0
2,1019,203,203,0.874044,192358,31624.7,198034,701126,846923,198859,284645,0,0,0
2,1019,204,204,0.863754,191368,32996.5,195346,697805,837987,198008,276670,0,0,0
2,1019,205,205,0.869477,192407,31184.7,199201,696183,871884,201508,284253,0,0,0
2,1019,206,206,0.897719,192600,32590.5,198990,706902,828573,193806,273376,0,0,0
2,1019,208,208,0.886176,192262,34402.2,197644,722249,845296,197932,284751,0,0,0
2,1019,209,209,0.796851,191911,32270,197712,687464,850071,209638,280775,0,0,0
2,1019,210,210,0.887556,191272,32832.6,196166,683070,859393,197242,288092,0,0,0
2,1019,211,211,0.781581,192365,33596.3,196238,687169,846201,212634,285770,0,0,0
2,1019,212,212,0.909093,192028,31260,197409,686228,846921,196010,278356,0,0,0
2,1019,213,213,0.802718,191664,33746.6,195545,689250,854656,204907,280886,0,0,0
2,1019,214,214,0.868688,191816,31706.5,196723,683384,840364,201283,285540,0,0,0
2,1019,215,215,0.905393,192330,31471.1,197208,697931,917167,193721,300775,0,0,0
2,1019,216,216,0.879537,191763,32862.9,197025,686797,844268,193987,278363,0,0,0
2,1019,217,217,0.86671,191752,32557.1,197221,690389,841811,198745,278652,0,0,0
2,1019,218,218,0.868489,192134,31595.2,198359,690429,828130,198802,280186,0,0,0
2,1019,219,219,0.878972,191720,30975.2,196476,692823,843488,202856,279997,0,0,0
2,1019,223,223,0.942171,192328,31208.1,199203,691115,1.06547e+06,194955,342611,0,0,0
2,1019,224,224,0.869239,191903,31665.7,197224,685636,838434,198225,279772,0,0,0
2,1019,225,225,0.819749,192080,33489.5,196700,688786,838897,206895,283354,0,0,0
2,1019,226,226,0.800717,192225,32776.4,197980,693648,847009,204399,279359,0,0,0
2,1019,227,227,0.881546,192017,31511.5,197576,714195,839975,195211,275886,0,0,0
2,1019,229,229,0.905329,192545,33334.9,198903,685230,837723,197353,283654,0,0,0
2,1019,230,230,0.815952,192022,31486.9,196742,687752,844091,208924,278875,0,0,0
2,1019,231,231,0.890621,192123,33262.2,196714,684316,830597,193043,279897,0,0,0
2,1019,232,232,0.799958,192310,31896.6,197967,692146,846262,214855,280134,0,0,0
2,1019,233,233,0.857719,192165,31548.3,198814,707700,850240,196353,276569,0,0,0
2,1019,235,235,0.887324,192917,32887.5,197581,689286,858660,194238,284523,0,0,0
2,1019,237,237,0.862772,191398,32411.4,197956,691930,837232,203711,283346,0,0,0
2,1019,239,239,0.836215,192290,32585.2,197402,682946,849571,200615,279362,0,0,0
2,1019,241,241,0.858566,192232,32804.1,198440,701573,836072,200930,285342,0,0,0
2,1019,243,243,0.84004,192958,31348,197716,710292,872057,203283,289001,0,0,0
2,1019,244,244,0.873241,192486,32720,195962,686551,832924,203951,285613,0,0,0
2,1019,245,245,0.796279,192044,32219.7,196596,687780,840154,206903,282004,0,0,0
2,1019,247,247,0.805659,192648,31180.2,197926,688852,849878,211089,280109,0,0,0
2,1019,248,248,0.848655,191955,33094.8,197820,708977,848133,197428,278739,0,0,0
2,1019,249,249,0.895809,192416,31980.2,198023,685832,826332,176675,272909,0,0,0
2,1019,250,250,0.843223,191480,32693.6,196049,684865,847550,198551,282344,0,0,0
2,1019,252,252,0.871733,192057,32677.3,196267,689200,850174,200646,285949,0,0,0
2,1019,254,254,0.830179,192889,33411.4,197834,685272,837638,199699,281186,0,0,0
2,1019,255,255,0.904325,191421,31587.7,194202,682959,839849,197255,283009,0,0,0
2,1019,256,256,0.857466,191941,31626.4,196337,705998,845700,200988,278731,0,0,0
2,1019,257,257,0.834014,192276,32748,197510,692789,846498,206896,282247,0,0,0
2,1019,258,258,0.882367,192199,31327.1,197768,693608,840552,196378,277848,0,0,0
2,1019,259,259,0.804882,192305,32903.5,196020,683805,847091,198570,275890,0,0,0
2,1019,260,260,0.859756,191415,32346,198654,702959,857593,197200,276141,0,0,0
2,1019,261,261,0.877354,191725,33745,197097,686114,840435,198879,284817,0,0,0
2,1019,262,262,0.879575,192160,31753.5,198533,688099,842675,202001,284935,0,0,0
2,1019,263,263,0.796756,192276,32276,198723,688515,842213,208091,281565,0,0,0
2,1019,264,264,0.848078,192360,32904.4,196654,686326,841784,199998,278039,0,0,0
2,1019,266,266,0.816376,192234,33303.6,198836,685525,1.05392e+06,200786,341153,0,0,0
2,1019,267,267,0.916447,191860,32202.8,199949,689537,835401,198396,278739,0,0,0
2,1019,268,268,0.889487,192085,32857.3,196778,801673,905791,199924,278155,0,0,0
2,1019,269,269,0.871632,191558,32421.2,196236,684450,834722,202270,283096,0,0,0
2,1019,270,270,0.870832,191808,31917.5,196747,685499,844853,196322,281915,0,0,0
2,1019,272,272,0.798746,192683,31868.5,197664,686828,847400,205384,283299,0,0,0
2,1019,273,273,0.813572,191634,31004.4,197969,705273,835808,203442,276284,0,0,0
2,1019,274,274,0.778605,192086,32190.6,197714,735536,869990,210772,280392,0,0,0
2,1019,276,276,0.851244,192207,32608.4,196710,697685,837039,200645,278819,0,0,0
2,1019,278,278,0.889481,192286,31512.9,196061,696268,834987,199105,278551,0,0,0
2,1019,279,279,0.891026,192040,33167.3,197235,688432,838104,194004,281578,0,0,0
2,1019,280,280,0.916367,191125,31759.8,198020,683550,828085,199681,281354,0,0,0
2,1019,281,281,0.885434,192371,31566.3,197874,688568,835536,197736,283041,0,0,0
2,1019,282,282,0.878005,191687,33802.2,196395,715593,855809,195869,277357,0,0,0
2,1019,285,285,0.782225,192120,31332.4,199065,704811,856202,206961,276429,0,0,0
2,1019,286,286,0.845323,192627,31424.6,197764,687520,926336,198716,300279,0,0,0
2,1019,287,287,0.835932,192339,33445.9,198368,686544,831492,204186,284113,0,0,0
2,1019,288,288,0.826229,191077,31215.7,195264,695286,852987,206813,281119,0,0,0
2,1019,290,290,0.870074,192384,32286.4,197714,687545,831140,200660,287111,0,0,0
2,1019,292,292,0.882909,192073,32152.4,198318,705064,838345,193608,275901,0,0,0
2,1019,293,293,0.836447,191740,33072,198001,688467,835110,199529,280501,0,0,0
2,1019,294,294,0.830977,192358,32675.5,197499,694620,844444,206323,281627,0,0,0
2,1019,295,295,0.841775,191394,33020.9,197190,700362,844932,203235,279271,0,0,0
2,1019,296,296,0.89779,191440,31734.6,195795,693173,850426,196056,279013,0,0,0
2,1019,297,297,0.850951,192014,31677.9,198937,690216,838820,203137,282982,0,0,0
2,1019,298,298,0.79426,192310,31354.4,198186,688657,875809,203230,286474,0,0,0
2,1019,base,base,0.876382,192041,32435.1,197775,687766,835131,197611,279966,0,0,0
3,1408,0,0,0.870955,192147,31887.6,198542,687080,841083,202097,282500,0,0,0
3,1408,1,1,0.858972,191890,32796.1,196632,718215,847196,201711,281938,0,0,0
3,1408,4,4,0.845887,191968,32867.6,194932,688316,843750,195342,282680,0,0,0
3,1408,5,5,0.843461,191656,32201.2,197132,695139,837621,201018,278899,0,0,0
3,1408,6,6,0.883544,191593,32100,198300,684819,836456,199579,279626,0,0,0
3,1408,7,7,0.888304,191928,31694.1,195942,689370,848102,194474,271907,0,0,0
3,1408,8,8,0.867785,192626,32977.6,197735,694200,841405,192995,277249,0,0,0
3,1408,9,9,0.820267,192134,30689.9,197792,686264,845057,209417,282918,0,0,0
3,1408,10,10,0.874516,191848,32709.4,196485,690484,831526,200223,286268,0,0,0
3,1408,11,11,0.902791,191549,32453.6,198118,687851,825466,198670,282821,0,0,0
3,1408,12,12,0.877234,191923,32393.7,196142,705879,836613,196411,283568,0,0,0
3,1408,13,13,0.910304,192075,32089.3,196126,684183,843296,193897,279563,0,0,0
3,1408,14,14,0.863616,192383,32997.6,196703,684024,832033,198692,285548,0,0,0
3,1408,15,15,0.800452,191266,32275.8,196104,684561,856746,207993,280777,0,0,0
3,1408,16,16,0.802474,191826,33205.8,196472,687719,850014,205243,277628,0,0,0
3,1408,17,17,0.885688,192434,33125.4,199287,727724,854083,196535,284586,0,0,0
3,1408,18,18,0.857764,192066,33146,196859,688607,831331,198273,283541,0,0,0
3,1408,19,19,0.782667,191592,32947.3,197429,734149,857630,214412,281606,0,0,0
3,1408,20,20,0.878599,191509,33510.6,197458,683665,834229,195429,282796,0,0,0
3,1408,21,21,0.852979,192091,32030.9,196110,685733,839354,202855,280187,0,0,0
3,1408,22,22,0.877751,192349,33868.8,197993,685613,835051,197948,281648,0,0,0
3,1408,24,24,0.894801,192133,32897,197287,686176,828762,198461,283972,0,0,0
3,1408,25,25,0.874993,191998,32121.1,195487,684280,831464,205957,282580,0,0,0
3,1408,26,26,0.821125,192757,33627.5,196765,685500,834266,201304,284247,0,0,0
3,1408,27,27,0.849401,191807,32482.2,196608,695176,1.01125e+06,199638,331920,0,0,0
3,1408,30,30,0.920915,191219,31912.8,196764,720036,847679,193457,273109,0,0,0
3,1408,31,31,0.896107,191588,35078.2,199139,684316,831404,197616,285711,0,0,0
3,1408,32,32,0.877061,191857,32692.9,197385,814548,918861,200979,284654,0,0,0
3,1408,36,36,0.892823,191760,31885.9,197061,724033,851657,196839,283137,0,0,0
3,1408,37,37,0.916978,192006,31448.9,196497,732189,857809,198661,280419,0,0,0
3,1408,38,38,0.801861,191829,31846.1,198820,686292,841892,207569,286324,0,0,0
3,1408,40,40,0.867898,191941,33057.8,196831,684622,840467,203135,284323,0,0,0
3,1408,42,42,0.874289,191518,32734.8,197480,685435,830474,205220,289752,0,0,0
3,1408,43,43,0.809116,191729,32333,197512,741914,871659,206932,284115,0,0,0
3,1408,44,44,0.884566,192054,32641.1,197560,692241,844119,196273,282161,0,0,0
3,1408,45,45,0.893546,192213,32415.6,198929,690067,839133,196307,278016,0,0,0
3,1408,50,50,0.845722,192071,32325.9,195400,689909,973877,196908,322241,0,0,0
3,1408,51,51,0.888983,192473,32792.5,196048,684779,837446,191730,276000,0,0,0
3,1408,52,52,0.832385,191757,32454.5,198004,687760,839311,205711,285372,0,0,0
3,1408,53,53,0.848594,192190,31800.1,198117,688349,827286,205464,283233,0,0,0
3,1408,57,57,0.859108,191691,31799.9,196437,699933,843865,198733,279131,0,0,0
3,1408,58,58,0.856555,191868,32750.9,196887,700317,830158,197476,281546,0,0,0
3,1408,60,60,0.857186,192460,32299,196926,691917,849192,200740,284515,0,0,0
3,1408,62,62,0.896914,192029,32844.6,197392,686503,831416,196280,282050,0,0,0
3,1408,64,64,0.874491,192083,33585.7,196281,687356,834236,201575,285990,0,0,0
3,1408,65,65,0.915238,192215,31750.9,193869,689846,840448,196083,283345,0,0,0
3,1408,67,67,0.894914,191357,30176,196607,684223,831345,200881,286656,0,0,0
3,1408,68,68,0.774507,192005,32559.9,197790,751385,876468,208695,282645,0,0,0
3,1408,69,69,0.827876,191949,32206.3,197453,693680,848008,205956,279434,0,0,0
3,1408,70,70,0.858043,192084,31639.8,198627,703766,847355,199453,280178,0,0,0
3,1408,72,72,0.868428,192869,32390.7,197714,685055,852796,199796,281663,0,0,0
3,1408,75,75,0.914375,191142,31592.1,195318,686396,834895,196241,280265,0,0,0
3,1408,76,76,0.899913,192167,32029.7,196760,687558,837258,198643,278344,0,0,0
3,1408,78,78,0.838072,191665,34016,196583,698752,835536,200154,283097,0,0,0
3,1408,80,80,0.774585,191963,32707,194240,721693,857512,208544,279395,0,0,0
3,1408,81,81,0.907481,192177,32650,194672,684945,835263,198799,280183,0,0,0
3,1408,82,82,0.876833,192917,32809.3,197386,683123,832195,201949,284046,0,0,0
3,1408,84,84,0.905908,191646,32593.9,198179,685797,834271,198338,278859,0,0,0
3,1408,86,86,0.86322,192154,33055.5,195858,688190,841378,196571,282345,0,0,0
3,1408,87,87,0.866131,192284,31901.9,196619,687944,848770,200051,281423,0,0,0
3,1408,88,88,0.923261,191666,32269.5,196820,698172,842361,195624,280144,0,0,0
3,1408,89,89,0.807041,191916,30996.1,198832,685120,845939,211671,285769,0,0,0
3,1408,91,91,0.892686,191955,31806.8,196719,686187,847534,194564,279386,0,0,0
3,1408,92,92,0.8781,191925,32230.9,196791,684589,838502,196186,279604,0,0,0
3,1408,93,93,0.89704,191717,31251.8,196552,687711,912427,198703,305962,0,0,0
3,1408,94,94,0.869425,192669,32857.3,199510,686150,832448,201454,282144,0,0,0
3,1408,95,95,0.885116,191718,32581.6,198108,684475,830115,197777,279790,0,0,0
3,1408,97,97,0.888513,192309,31916.2,196981,685038,834787,192802,282258,0,0,0
3,1408,98,98,0.864466,192259,31336,199142,685988,845613,200293,278746,0,0,0
3,1408,100,100,0.893834,191743,31031.3,197368,699461,960100,197946,306393,0,0,0
3,1408,101,101,0.868283,191827,32044.1,196565,685089,840351,199328,280322,0,0,0
3,1408,102,102,0.827817,192717,31883.6,197656,694008,853327,203387,276148,0,0,0
3,1408,103,103,0.880172,191909,32902.5,197475,688128,840653,194379,279518,0,0,0
3,1408,104,104,0.860558,192525,32289.6,196676,687032,842065,198850,283481,0,0,0
3,1408,105,105,0.870352,191944,32186.8,195019,686147,833346,202955,285174,0,0,0
3,1408,107,107,0.894935,192390,31789.4,198551,691299,834530,199134,282954,0,0,0
3,1408,108,108,0.87635,192148,33094.4,196071,684781,837595,193276,282486,0,0,0
3,1408,109,109,0.85469,192116,31980.6,195632,687262,839741,199956,280724,0,0,0
3,1408,111,111,0.880346,192135,31387.1,196965,687384,838911,197654,285340,0,0,0
3,1408,116,116,0.896768,192554,30853.9,195585,701682,854491,198317,278016,0,0,0
3,1408,117,117,0.851921,192728,32452.2,198669,687965,844289,200427,282193,0,0,0
3,1408,118,118,0.920412,191560,31915.2,196780,686026,833892,198682,284007,0,0,0
3,1408,119,119,0.881836,192680,32103.8,196602,687390,823556,195328,282361,0,0,0
3,1408,120,120,0.895272,191726,32142.3,196688,686777,836298,200277,281004,0,0,0
3,1408,122,122,0.919357,192013,33205.4,195670,688387,837535,194669,278430,0,0,0
3,1408,123,123,0.864041,192795,32223,200549,758832,877502,200666,281393,0,0,0
3,1408,124,124,0.894646,192120,32436.6,198619,750267,874253,195966,277715,0,0,0
3,1408,125,125,0.856315,191604,32886.7,198488,702599,839967,196813,280592,0,0,0
3,1408,126,126,0.889841,192139,32210.5,195994,688115,841173,196510,278673,0,0,0
3,1408,127,127,0.865718,191352,33506.7,196904,692611,863607,198330,287392,0,0,0
3,1408,128,128,0.898474,192200,32823,196542,685352,832978,200265,285032,0,0,0
3,1408,129,129,0.813167,191991,32239.8,197550,693320,1.1077e+06,203280,364077,0,0,0
3,1408,130,130,0.849362,191704,32632.5,196099,688373,838952,205564,287423,0,0,0
3,1408,131,131,0.882851,191310,32029.6,196770,685479,830871,204226,288345,0,0,0
3,1408,132,132,0.886294,192334,32899,195076,686227,836910,198515,286184,0,0,0
3,1408,133,133,0.822937,192636,31773.1,197216,686959,841935,203926,280854,0,0,0
3,1408,134,134,0.887767,191513,31166.9,199676,685104,845591,197514,280660,0,0,0
3,1408,135,135,0.891015,192900,31118.8,198371,689536,836243,195809,282146,0,0,0
3,1408,136,136,0.88884,191969,31691.8,195998,684835,828195,194317,277963,0,0,0
3,1408,137,137,0.889793,192004,32303.1,197236,684731,840218,199770,286963,0,0,0
3,1408,139,139,0.87637,192555,32627.7,198662,689615,835686,199401,282034,0,0,0
3,1408,140,140,0.866821,191430,33395.7,196013,689225,842504,195882,285093,0,0,0
3,1408,143,143,0.883819,192261,33783.8,194537,687199,840117,201132,284113,0,0,0
3,1408,144,144,0.79529,191350,32442.8,197432,723963,868848,207164,275092,0,0,0
3,1408,145,145,0.868275,192695,32689.5,197630,689146,832006,197287,281805,0,0,0
3,1408,147,147,0.900462,192097,32118.5,197754,685404,831713,201053,282544,0,0,0
3,1408,148,148,0.810036,191859,32275.5,195702,695102,847494,204267,281926,0,0,0
3,1408,149,149,0.851782,192608,33328.8,197337,687646,838419,200010,287302,0,0,0
3,1408,150,150,0.826654,192482,31903,198916,792404,904834,202123,279360,0,0,0
3,1408,151,151,0.886114,191930,32940.8,196104,686209,840511,200105,283583,0,0,0
3,1408,152,152,0.920377,192396,31115,199558,723807,849449,195298,280680,0,0,0
3,1408,154,154,0.908064,191267,32088.7,197034,714321,843772,196363,280350,0,0,0
3,1408,156,156,0.807034,191944,32540.5,197523,687490,829715,205215,281543,0,0,0
3,1408,157,157,0.841879,191659,33912.6,197345,701964,842414,201016,282074,0,0,0
3,1408,160,160,0.910169,191642,31650.2,197245,711895,850911,192204,275054,0,0,0
3,1408,161,161,0.926308,192134,31442.2,195420,687255,838350,197486,281437,0,0,0
3,1408,162,162,0.909089,191469,32117.9,197399,763525,880815,195050,282807,0,0,0
3,1408,163,163,0.908867,190986,31732.5,195313,684908,835515,200359,281884,0,0,0
3,1408,164,164,0.844914,191955,32440.8,198154,688710,832044,199514,284043,0,0,0
3,1408,166,166,0.85339,191778,32713.2,197339,769343,871169,201742,287468,0,0,0
3,1408,168,168,0.84311,192161,32609.5,196472,686753,848411,202444,292155,0,0,0
3,1408,171,171,0.856966,191919,32900,196143,686257,834617,202210,282373,0,0,0
3,1408,172,172,0.840079,192028,31316.6,197527,688166,840771,205771,280763,0,0,0
3,1408,173,173,0.86437,192134,31989.1,197767,685607,833965,200509,283668,0,0,0
3,1408,174,174,0.882502,192601,32089.8,196289,685125,830033,197437,284212,0,0,0
3,1408,175,175,0.862363,192148,32857.5,198824,686195,842043,201958,281102,0,0,0
3,1408,176,176,0.817712,191781,32968.5,197515,729336,869048,200317,280739,0,0,0
3,1408,177,177,0.844725,192502,30500.1,197947,687520,880065,208362,288606,0,0,0
3,1408,178,178,0.86564,192087,32340.4,196624,685686,850334,198708,274268,0,0,0
3,1408,179,179,0.90561,192166,32957.9,196639,691488,844249,196121,279544,0,0,0
3,1408,180,180,0.893477,192228,33113.3,197092,685404,837177,196775,283809,0,0,0
3,1408,184,184,0.790967,192346,31722.8,196456,770460,888481,209990,282327,0,0,0
3,1408,186,186,0.861706,192329,32383.7,196778,687589,893589,197526,294654,0,0,0
3,1408,187,187,0.858853,192269,32302.5,197901,733328,854051,200534,286214,0,0,0
3,1408,188,188,0.876411,191751,32285.1,197560,686656,841574,200100,286698,0,0,0
3,1408,189,189,0.856109,191415,33111.1,196126,688486,828646,197556,280346,0,0,0
3,1408,190,190,0.883814,191964,33555.6,197391,686864,845600,199237,279492,0,0,0
3,1408,191,191,0.880316,191631,31946,198123,712239,832864,200697,283576,0,0,0
3,1408,192,192,0.878192,192310,31737.1,198422,725636,848750,197289,283719,0,0,0
3,1408,193,193,0.874296,191599,31046.9,198635,709741,846285,195272,282486,0,0,0
3,1408,194,194,0.848744,192284,34305.1,198119,684883,832579,199855,282034,0,0,0
3,1408,196,196,0.865921,192305,32498.8,197496,685886,826357,191322,279901,0,0,0
3,1408,197,197,0.860757,191931,33387.8,196832,724836,855970,200260,281139,0,0,0
3,1408,198,198,0.868624,193169,32161.8,198900,685849,838887,196503,285480,0,0,0
3,1408,200,200,0.834398,192141,33104.1,197786,690783,979101,198175,322054,0,0,0
3,1408,201,201,0.864637,191395,33564.1,195974,687179,853934,195667,283200,0,0,0
3,1408,202,202,0.837218,192536,32175.5,197734,699929,837977,201709,284222,0,0,0
3,1408,203,203,0.871058,192316,31648.7,198062,732142,852712,199562,284015,0,0,0
3,1408,204,204,0.874564,191258,32966,195156,707880,850806,199227,279267,0,0,0
3,1408,205,205,0.9024,192329,31207.5,199008,694138,849179,198708,279084,0,0,0
3,1408,206,206,0.894125,192558,32602.3,198900,736136,853369,197091,277877,0,0,0
3,1408,208,208,0.880548,192187,34620.7,197540,730713,847022,199757,287351,0,0,0
3,1408,209,209,0.807901,191892,32398.4,196974,686801,843850,210383,283379,0,0,0
3,1408,210,210,0.884946,191276,33118.1,196001,682905,836186,199169,285369,0,0,0
3,1408,211,211,0.78687,192314,33460.4,195565,685361,830091,209519,283038,0,0,0
3,1408,213,213,0.82211,191636,33679.3,195186,686330,852834,202231,280643,0,0,0
3,1408,214,214,0.876918,191768,31795.3,196419,683156,837566,201481,286388,0,0,0
3,1408,215,215,0.906837,192300,31492.2,197112,696634,843614,195394,281039,0,0,0
3,1408,216,216,0.890932,191613,32980.8,196227,684834,844605,193228,280133,0,0,0
3,1408,217,217,0.884701,191702,32597,196976,686901,834076,196435,278606,0,0,0
3,1408,218,218,0.86713,192029,31656.9,198296,689443,829700,200950,283400,0,0,0
3,1408,219,219,0.892533,191656,31019.8,196365,691897,844615,201206,281233,0,0,0
3,1408,223,223,0.935066,192259,31268,199148,693548,842078,194995,274812,0,0,0
3,1408,224,224,0.867979,191841,31793.1,196766,685984,839582,199993,283171,0,0,0
3,1408,225,225,0.85825,192061,33534.7,196637,687392,834566,202450,284907,0,0,0
3,1408,226,226,0.806979,192177,32724.7,197779,691253,999875,205493,327314,0,0,0
3,1408,227,227,0.890071,191952,31520.8,196986,715779,850630,197512,280788,0,0,0
3,1408,229,229,0.912384,192567,33494.9,198660,686185,840179,198138,286501,0,0,0
3,1408,230,230,0.830728,191985,31506.2,196621,686314,843582,207568,279919,0,0,0
3,1408,231,231,0.897542,192096,33365.6,196589,683909,854977,196383,289774,0,0,0
3,1408,232,232,0.818145,192263,31969.7,197991,694555,842485,212640,280213,0,0,0
3,1408,233,233,0.869169,192081,31552.3,198826,726745,867565,196268,278756,0,0,0
3,1408,239,239,0.838317,192237,32465.3,196853,683015,854348,200042,279154,0,0,0
3,1408,241,241,0.858313,192188,32875.5,198322,710794,831671,200007,284907,0,0,0
3,1408,243,243,0.86061,192902,31374.5,197692,722500,846814,200920,281538,0,0,0
3,1408,244,244,0.869225,192373,32791,195668,685305,832616,205696,289167,0,0,0
3,1408,245,245,0.795996,191940,32252.6,195769,685718,844043,207469,283052,0,0,0
3,1408,247,247,0.809492,192602,31092.6,197832,688568,924561,210470,302091,0,0,0
3,1408,248,248,0.848903,191922,33186.9,197806,739701,862749,199473,280506,0,0,0
3,1408,250,250,0.845142,191393,32737.4,195798,684325,838912,200172,282417,0,0,0
3,1408,252,252,0.87589,191968,32771.6,195909,687647,835575,201038,283691,0,0,0
3,1408,254,254,0.853935,192871,33351.1,197306,685701,840921,197115,282537,0,0,0
3,1408,255,255,0.898909,191359,31740.6,193931,683527,834488,197914,283280,0,0,0
3,1408,256,256,0.868744,191917,31634.3,196248,712738,845719,199406,278944,0,0,0
3,1408,257,257,0.865211,192281,32722.7,197371,689508,840179,203639,282642,0,0,0
3,1408,258,258,0.892641,192089,31420.3,197619,693817,840651,196091,279490,0,0,0
3,1408,259,259,0.808315,192173,32849.3,195597,683640,855535,202094,279278,0,0,0
3,1408,260,260,0.879141,191353,32330.5,198523,704458,854046,195308,275370,0,0,0
3,1408,261,261,0.874119,191675,33819.8,196916,684393,838651,197618,285864,0,0,0
3,1408,262,262,0.900456,192106,31813.8,198370,686510,839373,200134,285918,0,0,0
3,1408,263,263,0.81073,192260,32340.1,198627,687559,839414,206338,281212,0,0,0
3,1408,264,264,0.863189,192314,32930.7,196370,685144,837050,198942,278171,0,0,0
3,1408,266,266,0.839869,192149,33408.4,198467,683947,841687,198730,278564,0,0,0
3,1408,267,267,0.913694,191831,32400.5,199727,687160,830611,199789,280948,0,0,0
3,1408,268,268,0.884064,191974,33073.2,196570,828543,921278,200680,279480,0,0,0
3,1408,269,269,0.889392,191600,32417.7,196032,684435,827135,201541,284883,0,0,0
3,1408,270,270,0.870167,191752,32059.7,196534,683994,828097,201662,282356,0,0,0
3,1408,272,272,0.819567,192672,31850,197489,686278,842093,203169,283796,0,0,0
3,1408,273,273,0.81902,191616,31082.1,197931,704056,842418,207825,281364,0,0,0
3,1408,274,274,0.777873,192007,32201.3,197655,741580,876360,211497,281976,0,0,0
3,1408,276,276,0.850949,192119,32721.6,196589,705445,848683,203004,283449,0,0,0
3,1408,278,278,0.886741,192228,31647.7,195936,698897,836241,199392,280332,0,0,0
3,1408,279,279,0.888744,192032,33254.6,196912,686501,833379,194640,282453,0,0,0
3,1408,281,281,0.884395,192316,31723.6,197445,685831,832243,198685,284786,0,0,0
3,1408,282,282,0.889796,191639,33771.6,196329,714343,860820,194492,278488,0,0,0
3,1408,285,285,0.791461,192109,31456.4,198969,711724,857592,205983,276322,0,0,0
3,1408,286,286,0.858036,192559,31471.8,197544,687052,845357,200427,279254,0,0,0
3,1408,287,287,0.837517,192323,33747.7,198082,685954,831799,205240,287331,0,0,0
3,1408,288,288,0.838037,191037,31161,195126,693482,848989,207251,281358,0,0,0
3,1408,290,290,0.873778,192308,32428.1,197596,687594,829482,201396,289938,0,0,0
3,1408,292,292,0.885317,192026,32133.9,198242,736903,860787,193713,277003,0,0,0
3,1408,293,293,0.852966,191672,33121.4,197679,686813,833557,197799,281117,0,0,0
3,1408,294,294,0.85565,192335,32712.7,197446,693011,836237,203133,280782,0,0,0
3,1408,295,295,0.861618,191321,33083.1,196986,698139,839879,201860,279365,0,0,0
3,1408,296,296,0.909923,191360,31718.7,195699,691207,840021,194602,274877,0,0,0
3,1408,297,297,0.869054,191992,31733.4,198817,689098,830516,202121,283020,0,0,0
3,1408,298,298,0.798315,192247,31287.9,198111,689103,850721,208805,280509,0,0,0
3,1408,base,base,0.882113,191985,32504.6,197623,686316,833098,197779,281288,0,0,0
